hotel_pk,address,city,state,phone_number,fax_number,check_in_time,check_out_time,hotel_rating,time_zone
1,68 Sage Lane,Los Angeles,CA,4099798103,6811176064,2:32,21:10,2.4,PXY
2,9877 Moulton Court,Fort Lauderdale,FL,4821433462,8504438540,4:01,12:43,4.8,YWX
3,54846 Lakewood Junction,Milwaukee,WI,8757254201,8540488519,20:05,21:23,0.2,GYQ
4,9887 Tennessee Circle,Spokane,WA,8764686223,1276646645,12:03,11:05,0.2,JSR
5,9307 Northview Trail,San Jose,CA,8433880244,8669509490,12:48,13:06,3.5,AGD
6,7662 Jay Center,Chicago,IL,9604135080,6481882733,14:47,7:20,4.0,JPO
7,46421 Fremont Circle,Atlanta,GA,7206600104,5069925918,20:08,21:02,1.9,ZXU
8,09673 Hermina Point,Newark,NJ,7385246243,7955553424,2:25,16:29,2.9,GJJ
9,7301 Packers Junction,Houston,TX,3425983214,7095295165,22:13,2:53,4.4,MSN
10,039 Jenifer Trail,Miami,FL,6369738057,8275939140,6:20,8:26,1.3,CCX
11,8 Cascade Junction,Palmdale,CA,1798370059,7012267496,7:56,10:50,3.4,JLV
12,320 Kropf Road,Gainesville,FL,4291726023,5312542826,20:05,21:40,1.2,DUQ
13,0 Jay Parkway,Asheville,NC,3540699943,6720547663,19:36,7:04,0.7,IXS
14,4 Cordelia Pass,Fort Smith,AR,7645252956,7380694708,0:10,7:01,2.6,TRW
15,78 Mallard Trail,Kansas City,MO,2633961308,3070071861,21:16,7:59,1.7,JCB
16,163 Westend Pass,Oakland,CA,4262550802,6220878409,12:14,0:56,4.0,HOR
17,78208 Ronald Regan Park,Augusta,GA,3345600039,1747930746,18:01,3:16,2.6,HQX
18,53067 Crowley Crossing,Laurel,MD,3114274029,2085170343,18:25,17:08,3.5,HCQ
19,94712 Heath Lane,Greenville,SC,6714990182,3398806124,11:06,11:22,2.4,PDD
20,56 Forest Pass,Memphis,TN,9510723162,4111613118,12:13,4:54,4.8,PUC
21,8859 Harper Trail,Sarasota,FL,5719628712,4581534884,21:59,1:12,4.5,HVV
22,4 Garrison Plaza,Roanoke,VA,7569777592,7556799031,9:53,8:43,4.2,GQG
23,3 Bashford Alley,Brooklyn,NY,2091224884,1903274011,19:43,12:54,2.7,BLE
24,7382 Fairfield Place,Peoria,IL,4875390740,9267329781,8:40,9:35,0.0,MNO
25,4834 Dennis Avenue,Huntington,WV,4324337614,4401208691,0:00,13:50,0.9,NDB
26,42027 Comanche Road,Houston,TX,7568140934,3245258048,2:41,1:03,3.9,LBH
27,3 Novick Point,Hampton,VA,2582333804,7741160282,3:05,20:17,0.0,PBC
28,023 Sycamore Pass,Tulsa,OK,6691358013,5517838483,16:59,22:05,2.5,ZNF
29,10648 Grim Hill,Honolulu,HI,9091655281,1454562704,15:22,17:55,1.5,WUB
30,7507 Cambridge Lane,Tampa,FL,4296593265,7228687797,20:35,21:15,0.9,TEM
31,113 5th Trail,Bradenton,FL,7603795027,4761453949,2:55,12:48,1.5,HQO
32,69 Trailsway Plaza,Albany,NY,1612371841,4932966029,16:44,13:56,2.4,SVK
33,1794 Westridge Hill,Daytona Beach,FL,8807092135,9399294826,7:40,9:48,0.8,TTP
34,035 Ruskin Place,Santa Monica,CA,6459704890,580875856,10:17,9:59,0.6,CDN
35,3075 Granby Road,Fort Collins,CO,7415045531,9103599511,19:04,20:17,1.9,BGC
36,33 Eagle Crest Place,Littleton,CO,1575394287,6791833719,3:23,8:09,3.9,MDU
37,84103 Clarendon Park,Nashville,TN,4611992467,9718986564,15:07,6:49,3.2,GGJ
38,3894 Bellgrove Way,Minneapolis,MN,6893262258,5792392652,6:36,2:17,3.2,PTU
39,50380 Packers Pass,Dallas,TX,8073482387,3456940737,6:26,23:56,3.2,FIO
40,182 Independence Terrace,Lansing,MI,6010855065,7453097608,5:17,18:00,4.7,OZQ
41,2706 Buhler Avenue,Bryan,TX,8207856186,5013093190,11:21,5:33,4.4,ORC
42,7 Fuller Alley,San Francisco,CA,1409008570,2134879257,13:02,16:12,3.2,ITL
43,14 Jenna Court,Staten Island,NY,4686621257,6846014538,14:49,20:22,4.5,MAE
44,97000 Harbort Junction,Fort Pierce,FL,1977090168,8977411450,5:55,22:59,1.9,AER
45,01 Thackeray Street,Omaha,NE,5688017658,5298574301,10:36,6:36,4.0,OTY
46,211 Carey Circle,El Paso,TX,4946081584,9575400268,13:20,23:13,0.2,HZG
47,06 Karstens Parkway,Jamaica,NY,9076541236,2717448860,6:51,7:09,4.6,PGT
48,55 Kedzie Trail,Hamilton,OH,2418350966,5794833540,13:59,7:17,0.7,GTD
49,9 Dunning Place,Cleveland,OH,4399140327,1096979675,10:57,23:35,4.0,ZAL
50,2 Scott Alley,Austin,TX,7667942465,8705602276,12:34,17:06,1.3,ZTV
51,41005 Londonderry Terrace,Seattle,WA,8965750077,2289566871,10:14,15:54,5.0,KOR
52,17150 Main Avenue,Pensacola,FL,9667767100,2280337635,13:51,11:35,1.2,EFB
53,80 Lake View Alley,Brooklyn,NY,5140546041,3886993900,22:50,1:02,2.7,GLM
54,724 Cardinal Way,Philadelphia,PA,1866993357,9182395160,12:26,15:33,0.9,RLZ
55,276 La Follette Plaza,Vero Beach,FL,6386190571,4435306709,5:41,6:34,3.1,VAS
56,3019 Pankratz Way,Richmond,VA,9558126447,568851417,16:21,18:36,1.9,BII
57,701 Grayhawk Terrace,Huntington,WV,1374047657,4309099629,16:31,9:30,3.7,AIJ
58,49915 Towne Road,Chicago,IL,5023671146,7760971652,21:31,17:42,0.1,PYE
59,04619 Redwing Pass,Miami,FL,2413467802,8721933088,14:22,16:21,0.8,IUS
60,9 South Park,Atlanta,GA,9523987525,2577500872,23:16,8:47,4.8,QKJ
61,3 Glendale Point,Minneapolis,MN,6161556336,2379551605,0:34,1:29,0.2,WFN
62,292 Macpherson Lane,Denver,CO,9080767669,9330698995,10:26,9:44,3.2,IRZ
63,6688 Prairie Rose Street,Minneapolis,MN,9661681561,7440161984,5:39,19:41,4.8,VZQ
64,839 Ryan Hill,Jackson,TN,3465848231,209368605,22:56,12:49,4.0,FHF
65,933 Debs Road,Atlanta,GA,8563977843,2422530977,16:03,11:57,0.1,VUK
66,11 Parkside Parkway,Evansville,IN,8854631048,5615392838,4:19,19:32,2.7,TMK
67,49789 Pine View Park,Richmond,VA,6050654025,7363503915,3:58,14:30,2.8,QOZ
68,584 Huxley Avenue,El Paso,TX,7725288126,2639741533,3:07,17:51,4.1,OKR
69,8208 Hagan Park,Baton Rouge,LA,3667850527,3871432174,20:25,22:17,3.5,JWL
70,613 Buell Trail,Miami,FL,2798369943,9086559981,17:09,10:14,3.1,ZGG
71,67376 Service Road,Brooklyn,NY,3317047598,1963743007,20:42,16:35,2.2,ITB
72,8 Randy Avenue,Atlanta,GA,2505198831,2343135957,12:11,6:28,4.2,OUK
73,729 Longview Plaza,Clearwater,FL,7691034117,3356877387,13:11,15:42,1.4,RSW
74,378 Washington Center,Bronx,NY,4295784568,2087244082,18:51,15:02,2.1,QDC
75,2018 Dexter Crossing,Kansas City,KS,8600327324,845537575,21:33,2:52,0.6,AJM
76,318 Linden Circle,Waco,TX,3902341196,9870264806,18:08,8:16,4.9,COT
77,592 Mcguire Junction,Virginia Beach,VA,6760248535,4997989423,22:03,2:10,2.1,LET
78,31 Debra Point,Sacramento,CA,2927154074,9903585732,22:02,21:47,1.4,RDX
79,75405 Packers Terrace,Sandy,UT,5676328388,742019220,14:15,5:30,3.0,WAL
80,5295 Vermont Trail,Miami,FL,7175079281,9986755176,4:34,14:25,0.2,SDF
81,47 Welch Drive,Jamaica,NY,6495348628,3510261262,12:47,9:38,3.4,TWT
82,8292 2nd Junction,Richmond,VA,9471816764,9836819980,19:21,23:25,4.2,IAV
83,46 Pawling Drive,Warren,MI,8175798266,3123863424,23:09,21:55,1.8,CFX
84,610 Arrowood Pass,Tulsa,OK,3893510812,4722360150,8:10,6:44,4.7,FUN
85,2 Messerschmidt Alley,Longview,TX,2392302935,4811782502,13:37,15:01,4.0,ZXH
86,8 Heath Point,Phoenix,AZ,7346376192,8746164520,20:15,23:45,4.8,XZU
87,8 Scott Junction,Richmond,VA,2386308967,6932306614,4:11,11:03,2.1,VHX
88,55919 Cottonwood Avenue,San Francisco,CA,4408141237,3291207507,1:18,18:09,5.0,WMA
89,6893 Stang Place,El Paso,TX,9324521307,9293950799,5:03,14:26,2.4,YFS
90,826 Cottonwood Point,El Paso,TX,5905061481,6718419165,13:40,23:54,3.4,TFM
91,5 1st Point,Scottsdale,AZ,3129387953,1317749512,6:17,19:14,3.6,IQB
92,76 Donald Center,Pasadena,CA,2818435644,1626360160,16:07,13:16,3.4,STQ
93,2651 Center Road,New Orleans,LA,4878038357,5678099107,6:18,0:07,2.4,KGG
94,221 Pierstorff Hill,Birmingham,AL,3480333967,8838867522,9:36,2:15,3.9,SCI
95,052 Drewry Lane,Springfield,MO,8525327855,8445394799,14:42,10:50,2.5,KBO
96,7 Linden Way,Norfolk,VA,1084895943,4940180405,5:37,16:41,4.7,JUS
97,2 Holy Cross Place,Wilmington,DE,4644542454,5861514989,22:22,18:13,4.0,PPZ
98,87577 Hanson Street,Bronx,NY,7333855542,9997392149,15:30,16:46,1.9,RRK
99,78997 Homewood Lane,Jackson,MS,4527262652,2360643621,16:05,21:57,2.8,CEA
100,49 Karstens Point,Athens,GA,1354736687,5698913316,21:33,15:56,0.5,TUO
101,53 Shopko Pass,Phoenix,AZ,2628033373,1197397000,8:13,2:24,4.7,RTW
102,0 Glendale Alley,Chicago,IL,6945282648,9437860794,17:34,19:07,0.5,OYJ
103,8235 Sunnyside Plaza,San Diego,CA,2355127935,8268527993,16:55,7:53,1.4,LOT
104,89 Little Fleur Crossing,San Francisco,CA,7127051999,7819367888,16:40,14:30,3.7,MEQ
105,83 Colorado Parkway,Amarillo,TX,2698571445,9203642287,19:25,4:18,2.9,KPV
106,86319 Oak Court,Chattanooga,TN,6670106125,6934753298,2:47,1:44,3.1,XND
107,85273 Ruskin Way,Chicago,IL,2083988024,2377537321,23:25,23:20,2.3,BMS
108,9996 Waubesa Street,Chico,CA,4561642800,5994474185,22:24,11:45,2.5,UGD
109,0 Trailsway Way,Chicago,IL,3166627854,126496663,12:15,0:19,1.3,AKD
110,14 Maryland Lane,Akron,OH,7777723300,3512578522,18:28,11:41,4.2,TDC
111,292 Waywood Lane,Springfield,MO,1956707199,3332829268,8:01,22:22,0.9,LTY
112,2347 Green Way,Minneapolis,MN,3386001281,6071568266,18:29,13:59,3.1,DJF
113,92403 Leroy Way,Rochester,NY,3201219766,2734408358,11:33,2:36,3.0,OFV
114,874 Summer Ridge Parkway,Troy,MI,3390267238,9001292965,17:18,15:01,1.0,JKG
115,81 Oak Valley Center,Gastonia,NC,7289399424,9032065002,20:37,13:27,4.2,QQT
116,23 Haas Avenue,Billings,MT,4372275114,4422108849,2:24,6:39,4.8,CEE
117,7 Parkside Point,Vancouver,WA,6353235565,5913399132,4:02,10:01,3.2,IBV
118,3800 Warrior Court,Spokane,WA,4991220634,5123641204,22:14,15:07,1.0,LHW
119,70 Loftsgordon Parkway,Flushing,NY,8043354526,8014142606,11:41,7:19,3.2,HJU
120,43 Tennessee Center,Louisville,KY,6931537304,8061972818,13:29,9:50,0.9,RHK
121,05 Harper Parkway,Louisville,KY,8429029159,2017974126,19:31,15:42,0.7,XXB
122,02627 Banding Way,Saint Paul,MN,4315310647,9661142712,12:10,8:19,1.0,XMW
123,4 8th Point,Orlando,FL,6639541910,4681690273,16:04,3:43,1.1,REV
124,8976 Heffernan Avenue,Boise,ID,3348211977,6713741158,21:24,6:14,0.4,OTJ
125,05076 Springview Parkway,Rockford,IL,6269745809,7596364665,16:14,20:24,0.6,PZM
126,302 Alpine Center,Bradenton,FL,2635629657,4872359667,5:59,2:55,2.5,WJU
127,1313 Prentice Terrace,Boise,ID,5042834848,9583564344,16:05,9:08,3.8,FLS
128,7 Northland Trail,Des Moines,IA,2648994918,1322605244,3:03,12:06,1.1,SVF
129,8788 Center Place,Hartford,CT,5038660143,3031149171,0:03,6:40,1.1,HWD
130,226 Westend Place,Washington,DC,9361459694,2965328757,16:48,12:24,4.1,DGF
131,8 Londonderry Avenue,Washington,DC,1935256099,4467946517,3:32,18:09,3.7,OHU
132,24854 Clarendon Plaza,Roanoke,VA,5679238395,3883968888,10:42,4:11,4.7,RKJ
133,9 Butterfield Center,Indianapolis,IN,8710758093,5612476382,12:17,18:23,1.0,NCP
134,95 David Court,Lexington,KY,2159041662,7347797208,0:50,21:13,1.1,YPG
135,0014 Melody Trail,Washington,DC,1820789155,8297598268,16:51,14:05,3.5,SKA
136,87 Marcy Way,Little Rock,AR,2944666878,5943227290,17:34,9:02,4.3,KBM
137,32426 Sycamore Point,Phoenix,AZ,6573532430,3408359281,6:51,4:00,1.1,YWH
138,27338 Stephen Trail,Fort Wayne,IN,1367207047,3923202775,22:21,3:45,0.8,BDW
139,0868 Fair Oaks Pass,Philadelphia,PA,8994095647,3282214107,19:07,14:23,1.4,PSW
140,03331 Bobwhite Lane,Los Angeles,CA,6162805789,2843010692,15:29,0:24,2.1,USV
141,76063 La Follette Place,Honolulu,HI,9694192440,7685246017,17:13,12:23,4.9,ECO
142,50803 Pond Parkway,Jackson,MS,6932011818,6229028878,7:28,0:18,0.6,VDE
143,977 Barnett Court,Carson City,NV,6146258748,2585765831,15:52,16:49,3.5,GUC
144,654 Crest Line Park,Stockton,CA,7251777272,4068690812,3:51,15:51,0.2,HFE
145,24514 Anhalt Road,El Paso,TX,4825109428,710255499,13:00,5:06,1.7,NEL
146,350 Dapin Terrace,Charleston,WV,2165691135,7756651516,16:29,18:36,2.8,FYT
147,9 Northport Hill,Tampa,FL,1714435442,8384959165,23:50,18:43,2.0,QEK
148,645 Old Shore Street,Athens,GA,5368872765,8756740147,22:11,18:46,1.2,KHN
149,4 Bluejay Court,Oakland,CA,2852633202,9657640678,5:53,12:04,2.8,OAI
150,4 Evergreen Point,Reno,NV,5135646531,3182065855,5:21,16:16,3.6,HRM
151,30860 Myrtle Park,Tulsa,OK,4746605928,5118111958,0:32,21:13,1.3,NVZ
152,7659 Iowa Drive,Waco,TX,7221848196,3850188151,10:50,20:55,2.9,AOT
153,194 Blackbird Place,Las Vegas,NV,1188074994,3215019910,19:27,15:52,0.0,WQU
154,7 Briar Crest Alley,Omaha,NE,6987666095,8093035194,14:31,13:11,1.6,SVI
155,6 Cody Parkway,Little Rock,AR,4345158942,7783385108,5:39,16:52,2.4,PHM
156,2 Marcy Junction,Detroit,MI,3181892714,8383664809,10:31,9:51,0.5,LLY
157,037 Monica Way,Albuquerque,NM,7616077988,9724305355,1:24,10:58,1.7,IYX
158,295 Florence Alley,Las Vegas,NV,1135134792,1798488848,7:12,12:40,1.3,ABP
159,4 Roth Way,Beaumont,TX,1095728981,9919294054,4:10,3:59,3.4,OQD
160,6451 Thompson Center,Newton,MA,2968217616,4979903855,21:20,21:25,0.9,GRK
161,53 Sherman Place,Sioux Falls,SD,4794165597,8947451014,19:53,17:34,1.0,VVC
162,6700 Scoville Crossing,Greenville,SC,4394935424,6766622930,12:24,19:44,2.8,NBM
163,17796 Marquette Avenue,Saint Paul,MN,7687100792,690339593,8:16,15:42,0.2,PRK
164,77495 Green Place,Nashville,TN,9632478560,4949996118,22:37,8:13,0.0,LIS
165,42527 Stang Junction,Nashville,TN,1867120354,3472210010,11:29,7:18,2.0,KIM
166,493 Scofield Alley,Albany,NY,2895088423,8474770175,5:45,5:13,0.3,LIL
167,4461 Lotheville Drive,Newton,MA,9296204390,4143338393,9:48,13:36,3.1,LQX
168,807 Monument Avenue,Brooklyn,NY,1048845447,9868968808,7:35,22:44,3.2,XHQ
169,698 Northridge Lane,Norcross,GA,5118907615,2649456123,6:19,8:50,3.7,WMO
170,913 Heath Way,Nashville,TN,5238997774,3122030198,3:08,23:26,3.9,ZDX
171,2 Spohn Plaza,Lehigh Acres,FL,7866340067,1641700744,4:38,11:13,1.1,JXH
172,88599 Judy Road,Irvine,CA,6579524790,2946989906,19:40,16:46,0.2,ZFB
173,1 Pepper Wood Junction,Huntington,WV,3981195452,6892326409,9:19,11:58,5.0,DLX
174,55 8th Plaza,Fort Wayne,IN,1641860662,7429769274,23:43,21:54,2.9,OOZ
175,0792 Prairieview Place,Sacramento,CA,5198922693,580057560,0:21,9:11,0.2,JAD
176,9 Eagle Crest Street,Las Vegas,NV,7307694972,807285825,23:14,22:26,1.2,FKU
177,596 Hoffman Court,Canton,OH,9036928646,7416233494,22:22,10:56,1.1,UQZ
178,50674 Springs Plaza,Charlotte,NC,5893158469,5613356399,16:26,19:22,1.8,QBM
179,00 Stang Place,Mesa,AZ,4010279562,1904004392,6:27,12:42,0.4,EIV
180,8757 Logan Junction,Phoenix,AZ,2226424354,6660698579,6:49,18:10,2.2,UTY
181,79559 Beilfuss Court,Boulder,CO,2090863829,4989853401,12:46,10:26,4.2,ZCR
182,4978 New Castle Street,Boston,MA,3174450779,6836774870,19:01,14:58,1.4,RCU
183,20 Moose Road,Huntington,WV,5934535873,5280910218,16:38,3:53,3.7,PDP
184,22421 Donald Center,New York City,NY,3407835088,6539799652,13:26,13:33,3.2,LMN
185,43 Meadow Vale Lane,New York City,NY,4504298521,4504072140,18:14,16:03,4.3,NWY
186,4640 Sutherland Alley,Albany,NY,9130936613,4812982211,10:51,16:39,1.1,YZT
187,122 Mayfield Avenue,Montgomery,AL,2774248021,2804399083,0:52,2:16,3.7,YCO
188,61 Prentice Hill,Jacksonville,FL,1859641072,3424902721,7:10,11:04,1.1,PWP
189,89 Fieldstone Park,Hampton,VA,8093399495,4327697160,4:19,18:07,3.0,QTS
190,6801 Crowley Trail,Winston Salem,NC,2924848166,2944272571,20:20,6:20,4.8,MLL
191,336 American Road,Arlington,VA,2173673297,2862510277,12:12,1:33,1.4,WAB
192,33 Sheridan Plaza,Charlotte,NC,1445157766,462452374,2:18,12:37,3.0,RTR
193,770 Kennedy Road,Fort Wayne,IN,8806787763,7418982206,5:32,5:34,4.1,FDA
194,0 Di Loreto Circle,Trenton,NJ,4955518619,9579249729,14:26,14:26,4.3,JAZ
195,89820 Moose Trail,Young America,MN,4579273288,4768933470,4:34,9:04,2.1,YKS
196,2670 Hovde Circle,Newark,DE,1012775461,9327437015,15:15,2:24,4.0,FOL
197,10652 North Junction,Jackson,MS,8295992144,7964105701,20:28,7:39,2.7,JTV
198,315 Fremont Drive,Wilmington,NC,3865529667,1682744461,19:23,2:06,2.0,KYC
199,53 4th Road,Fredericksburg,VA,2434197201,2806335541,15:51,12:51,2.0,GTD
200,75 Larry Point,Miami,FL,5251054969,5618085434,14:36,21:07,1.9,TZR
201,2 Lakewood Point,Charlotte,NC,4822910063,7375323408,15:24,19:28,1.8,HXB
202,88024 Monument Trail,Tulsa,OK,7104458862,9888007477,23:03,11:26,5.0,APF
203,64 Waxwing Terrace,Topeka,KS,6375512648,6154079419,14:44,11:24,0.6,VOR
204,766 Service Hill,Tulsa,OK,6032458571,9744380407,5:11,4:10,3.3,IMV
205,37 Russell Street,Shreveport,LA,5371351324,2807428534,8:25,23:53,2.1,CPA
206,8 Banding Terrace,Schaumburg,IL,9145567193,3292470598,6:50,4:15,1.7,VJH
207,9792 Sommers Way,Johnson City,TN,9860515910,3479643915,3:28,5:53,2.4,OSL
208,41 Manufacturers Road,Peoria,IL,1914460665,7687277441,11:53,13:03,4.3,EKG
209,84164 Fisk Street,Sacramento,CA,7879484623,7806512556,15:12,3:05,2.6,SQX
210,7411 Prentice Plaza,Jackson,MS,3139132268,8698934698,0:46,12:28,0.6,WKI
211,35029 Fair Oaks Road,Littleton,CO,5723423484,5036680725,2:21,19:36,2.7,BKV
212,42 Moose Alley,Kansas City,MO,7964631908,5275299991,10:15,10:43,0.3,GZI
213,121 Iowa Hill,Albany,NY,4062944386,6847376298,18:11,17:20,2.9,JYQ
214,59038 Mosinee Junction,Port Washington,NY,5826454339,441634866,16:33,22:23,3.0,CLB
215,2196 Corscot Terrace,Anderson,IN,6989785767,8875314477,23:03,7:55,3.5,TOQ
216,16 Pawling Road,Little Rock,AR,1214959234,3628234593,19:36,23:23,4.5,MDQ
217,9 Bluestem Terrace,San Diego,CA,2768035918,8739236774,6:43,2:12,3.1,XMH
218,7027 Hanson Lane,Riverside,CA,3713743338,5638646823,6:51,14:23,0.2,JBZ
219,1 Anderson Crossing,Anaheim,CA,5983207682,7258500994,14:00,1:49,1.9,FMP
220,38413 Northwestern Junction,Seattle,WA,9446436834,8965785666,13:42,11:12,4.6,KFW
221,76315 Lillian Circle,Saint Paul,MN,7160830418,3663115011,22:21,13:17,0.8,XZU
222,70 Burrows Trail,Fort Smith,AR,4071711095,8638992612,4:47,1:43,4.8,MEP
223,81171 Eagan Plaza,Pittsburgh,PA,3357992916,9214883815,18:00,5:42,2.1,ELP
224,960 Blue Bill Park Lane,Chicago,IL,5969464726,7280607774,22:23,8:30,3.9,CLZ
225,8974 Acker Place,Fort Lauderdale,FL,9856171020,1246104144,7:36,3:16,1.5,GEB
226,0393 Meadow Ridge Road,Jamaica,NY,1601117570,5171695352,5:49,1:37,0.5,VEF
227,032 Golf Hill,Tampa,FL,2283885538,9174897087,17:00,6:29,4.1,ZJU
228,74 Merchant Lane,Sacramento,CA,4577626172,2832430661,10:56,17:27,4.8,GMX
229,49108 Warner Way,Irving,TX,3227823152,6314262871,0:06,8:30,1.3,FKJ
230,2 Hagan Street,Nashville,TN,3452366539,3388469765,22:30,23:23,0.0,FAT
231,34404 Glacier Hill Avenue,Farmington,MI,7195463029,5222941572,6:43,9:34,0.3,RXI
232,7 Corscot Way,Inglewood,CA,4230874718,4789176659,20:19,6:08,4.8,PAN
233,20 Farwell Avenue,Cedar Rapids,IA,1368833428,5939528888,15:20,3:07,4.0,KED
234,344 Mallard Terrace,Pittsburgh,PA,8258388367,8640458688,19:35,9:12,2.0,JAG
235,89 Esch Trail,Baltimore,MD,1710951905,9072569850,6:36,13:30,4.8,VNE
236,2422 Sullivan Parkway,Charleston,SC,2301112347,2996603666,16:20,17:33,1.2,SHZ
237,907 Sloan Alley,El Paso,TX,4565273703,1777540870,21:19,4:48,0.5,TLP
238,276 Myrtle Place,Hollywood,FL,7178560040,9168527827,7:53,15:28,2.0,BXH
239,76052 Maywood Circle,Dallas,TX,9311852499,6862595261,18:27,6:52,4.8,CYJ
240,43 Merry Park,Los Angeles,CA,5790657272,2148602332,19:13,2:25,3.4,ANU
241,02 Montana Lane,Odessa,TX,8929309204,7840950469,22:56,8:57,4.9,ZRX
242,246 Talmadge Plaza,Los Angeles,CA,2005841618,4019123147,20:30,3:43,4.2,SUE
243,73425 Kennedy Circle,Long Beach,CA,9664914324,4152444332,7:40,8:17,0.1,SML
244,687 Ilene Way,Panama City,FL,5267154525,375282948,8:55,11:42,4.2,JER
245,55373 Stone Corner Crossing,Sacramento,CA,5693542424,3064593196,23:00,2:18,2.8,DJX
246,1910 Donald Center,Cincinnati,OH,2271751958,7996699582,10:08,8:48,0.6,JCB
247,2730 Golf Course Street,Missoula,MT,4472273857,1074610747,0:53,4:45,3.1,TFB
248,7323 Brentwood Alley,Atlanta,GA,4478983076,1961723428,4:10,7:41,1.0,ENV
249,27 Westport Court,Jackson,MS,7328782510,6760641098,5:51,14:08,3.0,PTV
250,40178 Texas Way,Grand Rapids,MI,4695672585,865562807,15:29,17:56,2.0,PIC
251,5080 Mcguire Park,Huntsville,TX,6020233275,4391946285,3:08,2:06,1.5,VWA
252,991 North Parkway,Lynn,MA,8141047990,6724951113,0:51,23:06,4.7,JOU
253,1 Morningstar Place,Spartanburg,SC,1259854722,4792973536,17:24,21:19,5.0,MQI
254,50141 Maryland Junction,Chicago,IL,1717270157,6698406064,9:29,9:18,3.5,WVR
255,626 Declaration Center,Pittsburgh,PA,1922031768,327527818,9:36,1:53,4.6,GNH
256,2078 Badeau Street,Fairfax,VA,6317237976,2959131943,17:38,16:18,3.5,OGK
257,918 Sunnyside Plaza,Watertown,MA,9811048926,6565110929,1:08,21:55,0.3,PHC
258,4 Express Circle,Dayton,OH,7606491076,5512673129,2:17,8:04,3.0,QIE
259,36 Amoth Pass,Indianapolis,IN,1788888526,9510783240,23:55,16:36,4.2,NTI
260,0889 Bunker Hill Circle,Sioux Falls,SD,8698103482,4845089530,5:15,21:37,4.1,LVN
261,1 Bunting Avenue,New York City,NY,1844990780,7896611709,4:56,3:26,1.6,SUC
262,90 Westridge Hill,Washington,DC,1837893488,6683146493,22:55,19:44,1.2,DIY
263,59 Jay Trail,Long Beach,CA,4329278190,8786525582,13:06,13:56,3.4,DSA
264,045 Buhler Road,Fredericksburg,VA,3598498956,4184243279,8:23,17:11,3.6,VCV
265,207 David Trail,Corpus Christi,TX,6632049387,4078507705,23:43,15:27,3.2,ITT
266,99744 Main Trail,Raleigh,NC,1996327517,5602544968,15:08,8:59,0.5,LSB
267,73551 Park Meadow Junction,Indianapolis,IN,8734243733,2594235569,17:57,3:27,0.2,LXI
268,54788 Lillian Lane,Gastonia,NC,2498263270,6204236664,3:44,11:14,0.9,JXP
269,39 Starling Road,Amarillo,TX,7086148292,7674020527,13:36,19:07,4.3,VZW
270,65 Blue Bill Park Avenue,Chicago,IL,1631638600,9083266577,3:18,1:11,3.5,GPU
271,456 Summerview Point,Johnstown,PA,9832681021,6485231702,21:49,6:50,0.3,MNL
272,252 Pepper Wood Terrace,Austin,TX,8665167573,9612869396,2:02,0:58,4.0,CLI
273,707 Debs Crossing,Akron,OH,7865065583,7857816606,10:33,8:51,3.8,MXQ
274,062 Glacier Hill Road,Birmingham,AL,1046148379,9335826193,20:48,16:37,3.9,FCH
275,381 North Alley,Cheyenne,WY,9086922877,9807666522,8:58,9:31,2.7,LRX
276,1776 Old Shore Place,Lexington,KY,4011476128,1561122169,3:48,2:30,4.5,JCQ
277,3 Tony Pass,Jacksonville,FL,3408120457,3485102322,16:30,6:13,1.3,HXW
278,8 Bartillon Street,Seattle,WA,9325213798,3521767939,6:02,3:01,1.7,IDX
279,769 Carey Hill,Sioux Falls,SD,8527065520,4249592394,6:23,5:37,3.4,GEM
280,9584 Bluestem Junction,Lexington,KY,7858645889,564962247,6:59,4:29,1.8,ISR
281,04 Redwing Terrace,Miami,FL,3978469234,592454140,21:36,20:08,2.7,BMI
282,038 Nevada Avenue,Phoenix,AZ,1552479841,6477974533,22:03,9:33,4.5,DOQ
283,26 Cambridge Road,Saint Louis,MO,2917963272,7785017911,18:45,1:29,3.0,DKN
284,37669 Pepper Wood Park,Seattle,WA,2459738373,7305345263,0:34,16:19,1.5,AIN
285,1 Mosinee Plaza,Wilkes Barre,PA,1567133952,2773586419,2:29,3:24,0.9,JWQ
286,01 Welch Terrace,New Haven,CT,5332867117,7513123843,6:56,9:35,3.9,OGX
287,9668 Springs Avenue,Pompano Beach,FL,7945566050,534642314,3:33,13:31,1.6,ZGI
288,5 Lunder Terrace,Seattle,WA,8219447703,6825988163,5:24,22:13,2.5,ETH
289,933 Lunder Avenue,Birmingham,AL,5423728104,3980298322,1:31,0:48,1.8,MER
290,3 Farwell Place,New Haven,CT,7056210657,4071402914,13:49,6:46,4.0,JMW
291,8346 Lake View Drive,Erie,PA,4160667306,9678058931,21:24,21:37,1.5,OVS
292,4169 Glendale Place,Atlanta,GA,8922137901,3018325294,13:41,8:53,1.3,UTP
293,6 Bowman Park,Fort Worth,TX,5690383912,8836775085,6:01,22:17,3.2,HBL
294,2938 Union Point,Charlotte,NC,8862374163,7643141026,19:01,5:01,3.9,WOL
295,9683 Goodland Park,Little Rock,AR,2128695355,561154962,16:33,19:35,0.5,GZT
296,6948 Lakeland Parkway,Indianapolis,IN,1562479706,5982407151,21:01,7:36,4.4,JTB
297,28765 Hoard Way,Indianapolis,IN,4952949787,5926706039,3:46,0:20,1.9,BFU
298,40613 Loomis Trail,Boca Raton,FL,1466418892,3085755294,11:37,19:26,0.9,OXI
299,0596 Westridge Plaza,Oklahoma City,OK,8689958435,7208703654,22:04,4:39,1.8,GQE
300,28908 Badeau Crossing,Sacramento,CA,7026628539,3704692536,7:09,2:03,3.6,UOD
301,97 Russell Drive,Roanoke,VA,1135242040,8141451186,10:44,10:01,0.8,IMZ
302,7 Center Point,Missoula,MT,2893569994,1256315405,0:32,10:12,3.8,DBH
303,33 Bunting Drive,Houston,TX,8690086481,1692785372,5:47,18:55,3.5,IRH
304,51 Westport Way,San Francisco,CA,1096138416,1074616718,22:34,3:57,3.5,RDZ
305,11 Kingsford Alley,Bronx,NY,1989640859,2935679620,13:01,10:16,3.2,GLC
306,35 Aberg Way,Grand Rapids,MI,6225400116,2619529030,11:43,1:49,0.4,CZH
307,96 Center Pass,Denton,TX,3681554704,8196530480,9:27,12:33,4.4,KZH
308,5 Everett Avenue,Miami,FL,2287187869,3271973421,14:04,21:33,1.8,DKW
309,8 Blackbird Parkway,Naples,FL,1967385297,3118799138,0:57,18:01,4.0,GYM
310,100 Meadow Ridge Road,Tampa,FL,7234922994,7463504952,12:22,21:56,3.4,GWL
311,39 Paget Junction,West Palm Beach,FL,3572375137,8391746925,7:15,2:54,0.6,WXF
312,9697 Utah Pass,Huntington,WV,3154619279,3511054290,2:32,9:04,0.9,YYM
313,33313 Mosinee Alley,Tampa,FL,3354784684,2016433779,6:30,9:39,3.2,QPH
314,50153 Crest Line Crossing,Youngstown,OH,9740850966,5065513172,16:10,19:03,2.5,HJL
315,1 Victoria Street,San Diego,CA,3765180315,7389497723,5:54,16:05,2.1,WGG
316,13670 Gerald Junction,Tucson,AZ,4699540554,9646780845,1:59,16:11,0.6,KHJ
317,247 Corry Plaza,Saint Louis,MO,1074361965,8270208700,19:47,20:04,3.3,TUE
318,18 Summerview Street,Tulsa,OK,4286968353,9194474127,12:24,11:39,0.3,TUY
319,2 Walton Junction,Waco,TX,9775712956,813730244,14:07,14:03,1.4,BGL
320,39427 Elgar Drive,Miami,FL,7254255113,173996391,1:44,15:15,4.5,BTC
321,554 Burrows Place,Gainesville,FL,9779026121,6750711370,18:31,5:57,4.4,OHF
322,7208 Towne Center,Denver,CO,9701147226,8286210460,13:54,5:51,2.3,SQJ
323,41 Del Mar Crossing,Oklahoma City,OK,2541539035,565113704,8:51,8:23,0.9,WDD
324,541 Pearson Place,Atlanta,GA,4469483205,8366080037,6:07,17:34,2.7,MVS
325,8048 Oxford Drive,Juneau,AK,5454964896,2133935578,14:39,13:21,2.2,QBQ
326,36304 Hoard Street,Irving,TX,2396462267,4894020223,12:55,6:34,1.1,TJY
327,8165 Dapin Court,Terre Haute,IN,2724115148,4518710329,15:01,13:16,1.4,CSJ
328,8 Schmedeman Pass,Louisville,KY,7678341580,6879344497,1:19,23:03,1.0,ZMD
329,341 Twin Pines Court,Salt Lake City,UT,4991809413,1549028494,14:09,16:24,1.0,AMP
330,719 Crowley Terrace,Philadelphia,PA,3304678510,7249122643,17:36,21:02,3.8,WFJ
331,70625 Ryan Court,Arlington,VA,7766869027,8759722294,5:46,11:27,2.3,INN
332,7 Swallow Road,Fresno,CA,5066792765,394058558,7:27,23:18,2.5,HTA
333,77 Norway Maple Street,Miami,FL,3469051157,1762550791,11:15,12:44,0.2,TNM
334,9 Burning Wood Hill,Panama City,FL,9789264404,1600461596,23:07,22:48,3.4,FHT
335,0695 Parkside Way,Las Vegas,NV,2211583174,4701127200,5:45,15:53,3.6,RBI
336,19 Manufacturers Way,San Angelo,TX,6222528857,1826362857,15:38,12:10,2.6,TVN
337,44 Springs Avenue,Washington,DC,5033591738,8684931579,6:15,14:44,3.7,KRG
338,74 Donald Avenue,Scranton,PA,6617041337,4246590944,11:34,18:49,4.6,MGL
339,1 Lyons Trail,Baton Rouge,LA,7800154164,6417302757,18:15,6:23,3.4,JJE
340,921 Blue Bill Park Crossing,Brooklyn,NY,1802837038,3887131181,1:59,13:51,1.3,UDF
341,98147 Del Mar Point,Portland,OR,9126006877,6302002869,17:08,2:55,1.2,GKI
342,72831 Heath Road,Gatesville,TX,9257142069,8645271141,22:26,17:53,1.9,SBU
343,8842 Bunting Trail,Los Angeles,CA,7526380618,5800889352,6:57,0:29,3.4,NVV
344,1 Almo Road,Washington,DC,9424933336,1952936952,13:30,9:24,3.5,FTC
345,007 Amoth Point,Torrance,CA,8575208909,7283582769,18:19,20:56,4.4,KTL
346,3180 Hoard Terrace,Oklahoma City,OK,8582292828,5848223474,14:42,21:26,1.1,FYF
347,5 Manitowish Junction,Mobile,AL,5767258311,4261603824,5:42,21:24,3.4,GBG
348,3714 Hayes Lane,Los Angeles,CA,1411067685,4105066470,17:18,13:49,3.8,JWX
349,26 Hauk Court,Pocatello,ID,7029121936,5869596185,1:33,8:38,0.4,CCW
350,1 Schlimgen Trail,Indianapolis,IN,6101413654,632562000,19:40,22:39,3.4,MTX
351,1 Lotheville Center,El Paso,TX,6310972123,1538412526,19:59,2:31,5.0,OGT
352,971 Kinsman Point,Washington,DC,6529766703,743652527,19:54,21:32,2.5,PYL
353,3 Briar Crest Way,Providence,RI,8043278530,8222201995,13:29,13:27,1.6,EPX
354,1 Graceland Center,San Francisco,CA,3176459461,9195481855,14:50,0:30,4.6,KKG
355,3 Summit Junction,Minneapolis,MN,1494727655,7309367132,8:51,17:46,2.6,OYI
356,9189 Memorial Avenue,Baltimore,MD,5941604710,3557786769,0:42,8:28,2.6,GTQ
357,4 Anhalt Crossing,Springfield,MA,8254481158,4377422209,21:04,17:11,1.4,XHU
358,738 Maywood Drive,Cheyenne,WY,3069360102,1163123424,19:03,20:42,4.5,AXN
359,11 Crescent Oaks Circle,West Palm Beach,FL,6526169131,6052999628,11:36,4:15,1.8,LFY
360,0796 Marquette Pass,Stamford,CT,8399021930,707915243,8:06,23:23,3.9,ZPA
361,9 Meadow Ridge Park,Homestead,FL,5630726225,5122734946,9:44,15:16,1.0,GIB
362,3 Utah Alley,Bakersfield,CA,7594999860,9953105791,5:17,6:15,3.6,XOE
363,4 Walton Pass,Akron,OH,5371865309,7889566317,10:49,5:45,2.5,FMH
364,006 Spohn Terrace,Atlanta,GA,4702874466,7144137511,22:55,4:02,4.8,KSK
365,07 Orin Avenue,Houston,TX,1571557203,2578925271,23:44,13:19,3.2,PGQ
366,8430 Vernon Street,Anaheim,CA,7397698896,6614123868,8:34,7:38,0.5,VUE
367,382 Dottie Pass,Fresno,CA,8909512514,7310662431,0:56,13:38,3.2,IHD
368,4 Granby Pass,San Bernardino,CA,7945988308,4869619532,4:28,19:12,4.4,SWZ
369,49386 Blue Bill Park Hill,Charleston,WV,5439129443,5046316866,20:49,11:11,0.6,YWR
370,83666 Milwaukee Parkway,El Paso,TX,1150919652,3688396956,14:12,19:25,4.6,LMZ
371,2 Prentice Crossing,Omaha,NE,8703838184,1651388701,7:33,1:19,2.9,DDW
372,636 Oak Valley Way,Omaha,NE,9125992511,7899811211,4:14,6:30,3.9,QUW
373,1518 Becker Park,Virginia Beach,VA,3278619657,8263853848,14:11,19:41,3.9,DEB
374,4 Katie Parkway,Minneapolis,MN,4833804783,3032105611,16:13,23:05,2.3,OUP
375,77269 Springview Circle,Santa Barbara,CA,8849270072,831752404,20:04,1:43,0.6,FOB
376,10 Luster Circle,Tyler,TX,6278771156,1014435450,23:14,3:16,4.7,ZBP
377,222 Roth Parkway,Columbus,OH,7177998843,6173090320,20:10,22:33,1.5,HZP
378,09 Miller Circle,Irving,TX,4196264858,6511610421,15:36,16:11,4.2,HPL
379,35 Hanover Alley,Midland,TX,4983996677,4674487670,7:03,21:53,2.5,PVP
380,9784 Dayton Place,Madison,WI,3223000630,9201536455,16:43,0:24,4.9,KVU
381,65239 Gateway Drive,Greenville,SC,2840165495,3712875727,6:14,10:24,3.5,KMI
382,12124 Rusk Junction,Santa Monica,CA,9913694153,9823709457,14:18,16:29,4.0,MVR
383,7076 Dorton Drive,Waterbury,CT,2152929850,4579216954,23:58,2:12,1.7,AYL
384,4221 Donald Point,Stockton,CA,3793200531,7570557512,2:08,20:09,1.7,FYE
385,4005 Donald Court,Dayton,OH,5836579947,8040903095,16:37,0:15,3.0,UKX
386,40 Ryan Drive,San Diego,CA,9937950880,1475930150,5:09,15:48,1.1,TCB
387,7 Waywood Center,Anderson,SC,6451557728,4120172526,5:07,17:26,5.0,LFE
388,23 Derek Park,Dallas,TX,5167721352,1617751272,17:44,12:32,0.6,SZQ
389,569 Clove Hill,Dayton,OH,1230920694,4916024383,22:14,23:19,2.3,JJJ
390,93 Eastlawn Circle,Cambridge,MA,2283538165,6341576846,15:47,20:01,4.5,BAG
391,5382 Brown Street,Cincinnati,OH,4421916734,1223665056,22:15,15:31,2.4,AWR
392,6205 Ridgeway Junction,Salinas,CA,5801588811,2584976915,22:17,7:49,2.4,TLM
393,41226 Thierer Plaza,Alexandria,VA,3105555062,9111665261,13:55,8:12,2.3,FRQ
394,937 Killdeer Road,San Antonio,TX,3087151402,8128248351,6:26,23:34,0.4,HCJ
395,3485 Hollow Ridge Plaza,Amarillo,TX,9216182163,8908863530,21:55,13:11,4.8,LNU
396,58614 Old Gate Drive,Bakersfield,CA,5885664540,3763526344,0:17,17:14,1.3,OLX
397,9545 Fairfield Trail,Northridge,CA,9098752809,4241309876,16:35,6:21,4.9,GBO
398,7 Pennsylvania Place,Bloomington,IL,7566766619,1868368042,6:22,18:44,0.1,BLV
399,20 Fallview Circle,Charlotte,NC,3640669529,9145397108,22:39,5:30,2.2,NKC
400,0377 Fairview Road,Glendale,CA,4039017016,3703694402,9:19,10:53,2.4,GDN
401,90 Cardinal Parkway,Los Angeles,CA,2222186272,1715875667,12:31,2:52,2.0,TPF
402,7584 Pepper Wood Way,Detroit,MI,9154369828,5159620349,22:14,21:39,0.7,LEX
403,989 Amoth Place,Madison,WI,5079257737,3495603162,8:26,22:03,1.1,RII
404,6 Comanche Junction,Jefferson City,MO,5438499918,6170925880,6:21,19:12,3.7,YGF
405,67496 School Junction,Colorado Springs,CO,2545558804,7200874825,22:07,16:27,0.3,GGT
406,01 Rusk Alley,Las Vegas,NV,5169631051,7037308547,7:47,11:07,3.1,GUB
407,3315 Stang Point,Rockford,IL,9181467234,6172146248,7:15,22:25,3.4,UGF
408,053 Bultman Avenue,New York City,NY,9373196944,5258978374,1:07,14:58,1.5,SKA
409,8731 Logan Avenue,Saint Petersburg,FL,8065956182,7849991058,20:31,20:30,0.9,GIO
410,7341 Pawling Circle,Beaumont,TX,4619406704,8447736674,6:19,4:31,3.6,LSL
411,009 Schurz Street,Phoenix,AZ,6382840910,4072878832,9:32,17:09,4.2,BJC
412,48434 Southridge Center,Philadelphia,PA,9182070004,2757868193,6:47,6:27,1.9,GIP
413,1016 Cordelia Crossing,Albany,NY,9480815233,2928686409,17:58,7:48,0.3,QLT
414,8141 Elka Circle,Tampa,FL,9438263220,6002198310,2:32,10:42,3.2,GML
415,51 Leroy Lane,San Francisco,CA,8860938206,4617056195,15:42,12:01,4.0,VEW
416,8140 Magdeline Circle,Terre Haute,IN,5602136200,3622041983,23:14,7:34,3.2,OVM
417,0775 Helena Court,Olympia,WA,6249239092,634431865,14:42,12:10,1.5,PAN
418,79 Kingsford Alley,Indianapolis,IN,6405485326,8245618705,17:08,17:11,3.7,RIC
419,743 Oak Way,Sacramento,CA,4488598291,5278033744,17:11,6:05,3.0,PVP
420,37 Anderson Hill,Louisville,KY,6632268490,1003335143,17:50,3:38,3.3,NKY
421,55 Meadow Valley Road,Charleston,SC,3488478157,8114885235,9:30,11:12,1.7,UHW
422,7644 Karstens Trail,Kansas City,MO,4344688879,6860465862,10:51,23:41,0.4,JEJ
423,6 Bonner Terrace,Birmingham,AL,8344676367,5326413547,12:24,11:13,0.2,TJQ
424,5 Bartelt Terrace,Daytona Beach,FL,5873466404,1332359840,7:58,0:46,3.2,QYE
425,0 Hagan Park,Washington,DC,5904101592,9325344605,10:17,19:26,3.8,MKJ
426,677 Eliot Center,San Jose,CA,1166635359,3622948984,20:30,7:30,3.4,PZU
427,4940 Delladonna Circle,Charlotte,NC,9618771867,8888850900,2:25,12:00,2.2,ERB
428,053 Rockefeller Park,Appleton,WI,3878476787,6642181786,14:15,18:14,2.9,QQV
429,97 Karstens Way,Oklahoma City,OK,5900402278,3945675563,10:38,17:24,4.7,HRL
430,66302 Mandrake Point,Marietta,GA,4159195290,4879794625,21:10,19:38,4.0,IAF
431,15 Beilfuss Avenue,Charlotte,NC,2732885354,5689866254,10:03,11:52,4.2,EXH
432,0 Ludington Center,Silver Spring,MD,9562287341,7831051243,15:08,0:43,4.9,LUO
433,2 Heffernan Hill,Cincinnati,OH,3907480204,3103617654,6:16,9:08,2.9,UPI
434,1 Menomonie Parkway,Joliet,IL,9574071081,4781577602,22:44,14:40,3.5,AXK
435,9 4th Street,Young America,MN,6272760313,2966847456,22:59,16:57,3.4,VVF
436,9 Nelson Park,Houston,TX,9475092255,9729261979,3:56,1:43,0.7,CZP
437,4 Fisk Way,San Diego,CA,4502823409,1736856807,8:10,16:33,1.7,JIU
438,1081 Boyd Way,Peoria,IL,2043948377,7548489605,13:05,0:31,2.1,ZAY
439,7 Sachs Crossing,New York City,NY,8235189948,9402318309,1:13,17:35,1.1,MKH
440,5 Thierer Avenue,Dallas,TX,6235902182,2399728479,19:51,4:29,3.8,TPI
441,274 Rusk Hill,Louisville,KY,6515357824,1729151254,1:03,10:25,4.3,PGV
442,1408 Westerfield Terrace,Tuscaloosa,AL,7042034474,9082880412,10:16,8:23,1.8,OSP
443,17126 Bellgrove Lane,Charlotte,NC,6335799873,2033057894,23:27,7:08,2.7,TQK
444,71 Monument Trail,Milwaukee,WI,9653844706,9382912588,2:00,17:00,1.2,DVB
445,25 Sachtjen Center,Daytona Beach,FL,5351828726,3327205008,2:04,23:45,1.6,VYB
446,2 Pennsylvania Court,Kent,WA,9653272782,1033066117,20:16,20:48,1.5,HNP
447,5 Utah Point,Columbus,OH,7414340173,5218108446,18:14,8:36,0.3,VWR
448,8 Debra Drive,Macon,GA,8374706541,3610499928,9:50,22:18,0.6,FUB
449,7493 School Terrace,Augusta,GA,7885950374,7164079038,6:49,4:54,2.5,QOV
450,04906 Monica Way,San Jose,CA,7405561461,6538314251,4:45,23:05,0.5,WXN
451,385 Killdeer Terrace,Knoxville,TN,6802235766,9647695935,18:22,21:33,1.7,XGL
452,8726 Golf View Park,Dayton,OH,2471092251,7718201892,8:52,2:06,4.0,ZCE
453,8 Melby Lane,Topeka,KS,4469126604,245150254,4:44,11:58,2.0,XWS
454,6 Ryan Plaza,Colorado Springs,CO,2852434572,4770951347,2:13,10:51,2.0,XPZ
455,86294 Union Junction,Rockville,MD,9363458436,2813575701,7:04,1:02,3.4,WBE
456,06697 School Center,Houston,TX,7877990178,8668462342,9:53,4:23,4.5,NXP
457,4999 Bartillon Trail,Daytona Beach,FL,1918176062,9796714220,6:22,10:02,4.1,KML
458,6 Merry Street,Charlotte,NC,7135496593,5346640444,1:35,19:41,1.2,GGV
459,290 Oak Valley Place,Largo,FL,2581098810,4211975021,4:32,15:42,0.6,KAO
460,4103 Oriole Way,Biloxi,MS,1856011383,3833281952,9:53,22:57,0.5,UBN
461,1 Hudson Road,El Paso,TX,5570784240,1730639593,19:13,8:05,3.8,SFW
462,274 Ridgeway Parkway,San Francisco,CA,5400232155,1383287139,2:33,1:46,1.7,TRU
463,25 Kenwood Terrace,Rochester,NY,8070248197,5019532905,11:24,22:37,3.5,JOO
464,546 Helena Plaza,West Palm Beach,FL,4514148390,3476286221,15:41,13:55,1.7,EHL
465,076 7th Point,Boise,ID,2935367255,649096235,0:52,22:48,3.4,TTN
466,128 Ramsey Pass,Miami,FL,4337292811,1110694971,6:19,18:31,2.6,OWF
467,71 Fair Oaks Court,San Diego,CA,3895281254,8654661584,23:07,1:19,3.3,EWS
468,64142 Summit Plaza,Phoenix,AZ,8537869796,4832790813,16:56,2:50,0.8,JMM
469,01 Little Fleur Street,Trenton,NJ,8263411810,2705878365,20:54,18:25,1.0,BPC
470,8547 Shelley Pass,Fort Wayne,IN,3901024906,5449531055,10:06,14:16,4.3,YAB
471,3358 Holmberg Park,Sioux Falls,SD,2021715155,8386916515,5:47,23:22,4.7,SMZ
472,1772 Steensland Place,Jackson,MS,8248616883,5437637096,7:06,7:58,3.9,JSQ
473,2 Waywood Center,El Paso,TX,6266656577,7797063551,8:48,7:06,0.8,PWY
474,677 Rockefeller Drive,Boulder,CO,6941514441,462894194,16:21,4:58,0.5,RIZ
475,1775 Lighthouse Bay Point,San Diego,CA,7446419891,7691338576,21:19,4:40,3.2,HOV
476,960 Tony Parkway,Saint Louis,MO,2569686491,8065464549,6:16,0:10,2.6,FMS
477,829 Thierer Point,Buffalo,NY,5112733849,1751190634,10:14,23:06,3.2,TOM
478,4122 Mcbride Junction,Roanoke,VA,8132041656,7931542847,7:39,22:12,4.2,IXE
479,64442 Forest Plaza,Daytona Beach,FL,9101239112,811447026,1:29,4:36,4.3,CLO
480,3 Browning Alley,Fort Worth,TX,5049772314,5584453649,13:50,11:35,0.2,RUX
481,03 Emmet Hill,Los Angeles,CA,8894888479,8665178649,1:40,9:15,1.4,QLA
482,66 Erie Court,Kansas City,MO,6946826348,4728154438,3:08,4:47,2.4,LZG
483,6 Fallview Crossing,Detroit,MI,9494083113,9984118500,17:59,8:41,3.0,FPC
484,005 Darwin Alley,Gilbert,AZ,6018428663,4443921459,5:08,19:46,4.7,ZGO
485,27 Dawn Circle,Atlanta,GA,8096559949,6041146758,18:13,20:14,1.3,ZDY
486,19514 Hudson Crossing,Wichita,KS,2502216649,3571765395,16:16,2:45,3.5,IOX
487,775 Kropf Pass,Gilbert,AZ,2197442197,751051360,21:43,23:42,4.8,ZND
488,8 Raven Junction,Paterson,NJ,5801120049,3390941626,13:04,23:02,2.2,PTI
489,89131 Forest Dale Court,Battle Creek,MI,2003347397,4938413299,13:00,11:09,0.5,DGQ
490,64 Hollow Ridge Circle,Providence,RI,7555594848,9552168628,1:33,9:17,2.2,RDC
491,384 Sage Place,Chicago,IL,1618317712,9005020306,18:06,11:27,3.3,ICS
492,095 Garrison Drive,Colorado Springs,CO,5168166903,7316558444,18:11,8:34,2.9,OYQ
493,011 Doe Crossing Circle,Fort Wayne,IN,1956167069,3355194232,12:42,8:21,2.0,CAA
494,64 Luster Drive,Wichita,KS,4644616939,7425361725,23:24,22:43,0.1,UUM
495,223 Larry Circle,San Jose,CA,7349747053,428573514,9:40,0:09,2.1,MJZ
496,74 Graceland Road,Salt Lake City,UT,5594021555,4880796704,1:26,9:46,4.6,QWH
497,1 Sage Junction,Portland,OR,2960435931,6297760222,16:48,0:49,3.7,JRT
498,774 Southridge Crossing,Pittsburgh,PA,3483861727,4310038231,18:12,23:00,4.2,MBH
499,750 Bluejay Terrace,Port Washington,NY,3062917692,9459852789,0:06,2:44,0.4,FOL
500,9559 Warrior Lane,Tucson,AZ,9840266401,698835638,5:58,11:06,2.8,TKB
501,6 Pankratz Avenue,Tampa,FL,3765203685,3180795102,15:02,21:33,4.9,SRI
502,3175 Buhler Court,Long Beach,CA,7286565104,5529210947,0:26,9:05,4.8,ZTZ
503,4 Westend Place,Tulsa,OK,9591824538,8928373580,22:59,14:17,0.4,ESR
504,6909 Corscot Center,Pittsburgh,PA,3078979327,7655293770,0:30,13:04,2.9,UUO
505,035 American Trail,Las Vegas,NV,3365573571,8139607496,15:40,1:20,4.1,BEB
506,86 Eagan Trail,Nashville,TN,5527345360,3294797163,5:41,8:30,1.0,NWY
507,95 Bartelt Parkway,Newport Beach,CA,7406506254,4402943948,2:04,1:50,4.5,GBX
508,5100 Gerald Alley,Aurora,IL,5568077746,8673604545,0:27,4:44,2.7,RZR
509,64495 Lakewood Gardens Way,Kansas City,MO,9541367207,1279510755,1:22,18:48,2.0,KND
510,27 Londonderry Trail,Indianapolis,IN,4196824566,2215796280,7:48,2:42,4.4,ZGR
511,26 Main Alley,Tulsa,OK,6830939005,3912576227,7:06,14:07,0.1,CMU
512,9 Village Place,Tampa,FL,3631752733,5708149223,15:30,1:35,4.3,YLR
513,0995 Ronald Regan Parkway,Honolulu,HI,8796398966,6966455071,21:07,4:48,0.5,GGO
514,813 Magdeline Junction,Phoenix,AZ,5755756633,8335953002,4:18,18:58,0.6,UED
515,87 Ilene Lane,Oakland,CA,7872176268,4673529549,21:52,23:23,1.3,IUI
516,44 Springview Avenue,Dallas,TX,2590477993,7638944446,0:13,11:16,2.2,VOA
517,64 Old Gate Pass,Jacksonville,FL,7866619877,7485603855,20:13,2:39,0.1,EWQ
518,104 La Follette Street,Tuscaloosa,AL,9960271163,6552742567,4:50,14:43,4.4,VYI
519,7238 Oneill Crossing,Providence,RI,6224104109,5689286708,3:50,23:18,3.2,EWL
520,27 Dapin Point,Birmingham,AL,5031369101,8639532830,18:35,23:20,2.5,IRG
521,20 Talisman Point,Toledo,OH,5329339607,3217709580,17:59,11:06,4.1,FCP
522,114 Hagan Center,West Palm Beach,FL,8271020819,3119026990,18:00,20:43,3.2,NYW
523,3834 Sachs Alley,Orange,CA,2822520258,140171860,1:03,0:12,2.7,FVU
524,24873 Forster Lane,San Diego,CA,5261896804,6521780664,6:17,21:05,2.5,MMA
525,7259 Porter Road,El Paso,TX,4440065853,4491625655,0:54,9:47,3.7,VPW
526,9496 Corry Road,Columbus,GA,9253560300,9778848133,8:43,5:50,0.2,DIC
527,748 Beilfuss Plaza,Newark,NJ,8720977801,2056404084,22:21,13:04,2.9,LZI
528,4 Sunbrook Avenue,Indianapolis,IN,8645046678,8401997681,7:50,16:03,4.2,AYF
529,6346 Hovde Street,Fort Pierce,FL,7426947330,9320573273,10:09,6:08,0.3,HSA
530,9887 Nevada Trail,Washington,DC,7422575069,7793707940,10:45,18:17,4.2,OUP
531,6 Arapahoe Place,Panama City,FL,7570600654,1385003727,7:17,2:27,0.3,IKQ
532,1 Eggendart Avenue,Youngstown,OH,2040254456,6560889471,7:08,10:26,2.3,RZU
533,5738 Mifflin Terrace,Dayton,OH,1530793264,5865030605,3:30,19:27,4.5,AZV
534,965 Rigney Terrace,Richmond,VA,4143139654,3746485434,23:27,7:34,3.3,CZP
535,03366 Carey Circle,Lynchburg,VA,1468023717,803766188,10:25,2:16,1.4,CPA
536,30 Stuart Park,Winston Salem,NC,4559300922,3803110788,13:07,12:21,1.7,ULP
537,0 Schlimgen Trail,Los Angeles,CA,7847068366,8377086691,18:20,11:34,3.0,IDI
538,41 Hoard Pass,Louisville,KY,2778749955,5899873853,23:55,20:40,1.5,ADG
539,88419 Schurz Junction,Arlington,TX,3993112641,3225626627,5:11,13:18,1.4,IRK
540,10 South Point,Youngstown,OH,5911727734,8619623238,21:42,10:21,0.9,BIV
541,6247 Bashford Center,Columbus,OH,9576141396,2983045777,17:35,23:38,3.7,WUK
542,407 Daystar Parkway,Seattle,WA,5425339444,9761129008,2:23,16:08,0.8,UYP
543,13 Jenna Parkway,San Jose,CA,8205898562,2002515537,2:15,11:41,1.6,FIB
544,82117 Carioca Drive,Richmond,VA,8780441471,2716048114,20:59,14:03,4.9,QQA
545,643 Hoard Alley,Dallas,TX,3674071943,6161899646,17:39,23:36,4.8,GJP
546,3433 Artisan Center,Herndon,VA,3921159054,1115895707,5:31,18:20,2.8,OKQ
547,1 Sundown Hill,Tulsa,OK,8259718383,6326491731,5:40,8:01,2.2,UCQ
548,025 Jay Junction,Saint Cloud,MN,5577351294,8755148582,12:12,1:18,3.8,HWB
549,6296 Gateway Trail,South Bend,IN,4223412956,1270767581,8:54,23:55,1.4,DQS
550,640 Mccormick Crossing,Naples,FL,3255516421,6228784255,3:22,3:09,3.1,YTD
551,4352 Del Sol Place,Joliet,IL,7248053249,222674220,21:08,4:36,1.4,RXF
552,67175 Scott Circle,Aurora,CO,1700129412,2227272928,20:48,8:19,3.6,YDN
553,0030 Toban Terrace,New Orleans,LA,8318818266,5091359026,7:45,3:33,1.7,EDU
554,24297 John Wall Street,Cincinnati,OH,5114249027,9134986079,23:27,16:26,1.4,HMP
555,8553 Logan Parkway,Orlando,FL,3403139197,8357052809,2:05,22:49,4.5,SJP
556,38800 South Trail,Newport News,VA,9413421233,9026261328,14:56,22:23,1.1,HLX
557,05457 Schurz Drive,Birmingham,AL,9170699914,8429916094,8:08,18:39,3.4,VZA
558,144 Monterey Way,Cedar Rapids,IA,3227502601,673592190,14:07,4:17,0.3,JLT
559,1067 Delladonna Hill,Boise,ID,6644017190,8698194479,16:39,23:29,4.9,DAN
560,583 Elka Way,Northridge,CA,1124327695,5668895372,3:11,16:06,0.4,NVC
561,4771 Moulton Point,Spartanburg,SC,9836594481,1568825586,11:16,6:26,2.0,HRL
562,832 Independence Point,Pensacola,FL,8700612438,5649721294,16:02,19:27,3.7,HJP
563,55 Crest Line Drive,Decatur,IL,5085457737,5385160546,12:48,13:35,2.2,MUY
564,8586 Crest Line Center,Valdosta,GA,7363081371,1915319360,3:24,18:40,0.5,IWN
565,43955 Merrick Plaza,Muncie,IN,6906607308,1638300855,9:13,13:53,2.3,WDA
566,6738 Judy Plaza,Chesapeake,VA,6317266112,4957954777,17:58,23:29,3.0,XTP
567,394 Pine View Lane,Tulsa,OK,5449763403,1158081416,16:03,23:06,1.7,CDV
568,85346 Magdeline Center,Muskegon,MI,2069642477,3227096683,12:34,6:04,3.0,SOS
569,0 Nancy Plaza,Biloxi,MS,7923173223,7234335313,22:19,6:03,0.8,AKD
570,192 Oxford Center,Bethlehem,PA,7797444638,7709615067,12:47,13:08,4.1,BCF
571,46757 Hallows Road,Lansing,MI,1331795395,7824943780,20:05,17:10,0.8,RZE
572,47809 Swallow Pass,Dallas,TX,2393426440,6967237523,1:04,6:38,3.4,SDL
573,63 Portage Parkway,Bronx,NY,9293130235,1148793356,4:37,18:13,5.0,TTL
574,86286 Caliangt Road,Paterson,NJ,1784186882,3561092414,0:32,22:51,1.0,BMM
575,6503 Rockefeller Terrace,Midland,TX,2445263357,2993326982,6:37,17:35,0.9,JBK
576,165 Eagan Trail,Tucson,AZ,3032734771,7697267531,9:25,19:36,3.2,WAG
577,48 Green Terrace,Charlotte,NC,5920412601,9836419814,5:12,18:10,2.7,QZW
578,2 Heffernan Way,Atlanta,GA,9737262492,439914047,13:33,14:32,2.6,WGA
579,67391 Heath Road,Boca Raton,FL,3562404669,4329950492,8:54,18:26,3.3,HZX
580,123 Artisan Court,Jacksonville,FL,9218465677,3682626081,19:58,13:31,3.1,GUM
581,194 Northview Crossing,London,KY,2625543276,2188731021,16:44,15:13,1.0,CBI
582,44 Cardinal Avenue,Pocatello,ID,1868603722,7233342441,9:57,8:59,2.8,SXO
583,6 Grover Court,New York City,NY,6833549953,7661807968,4:26,6:56,4.4,CLM
584,6 Superior Parkway,Saginaw,MI,4221870924,5004963965,20:29,23:31,4.2,OSQ
585,239 Merrick Pass,Washington,DC,2799839020,4054163797,18:54,22:52,4.8,SPY
586,22 Hazelcrest Avenue,Boise,ID,2512879410,4955979850,21:09,9:35,3.7,KKZ
587,0 2nd Alley,Arvada,CO,3828221191,1576603398,0:27,18:42,3.1,YMF
588,772 Stephen Center,Tucson,AZ,2268820086,4660190252,13:39,14:27,0.6,YEG
589,99 Mitchell Street,Mobile,AL,2017889391,1323743616,16:38,12:13,4.3,SSU
590,2385 Old Shore Hill,Cleveland,OH,3834799916,7299682978,5:30,4:41,0.8,GCU
591,36764 Corscot Center,Albuquerque,NM,5067676468,9772886972,1:19,11:18,0.5,JHU
592,6 Anniversary Junction,Laurel,MD,4796368529,5642132540,20:02,23:54,2.9,CCP
593,73 Mifflin Trail,Phoenix,AZ,6349900733,5689202302,20:09,7:38,2.6,LDH
594,00 Ilene Trail,Tulsa,OK,9739054230,9135536093,3:01,0:46,0.6,JYE
595,4 Washington Parkway,Tampa,FL,9997516183,7739672592,2:07,3:45,2.5,WUB
596,025 Dahle Hill,Washington,DC,7505392333,9375654739,21:16,3:35,5.0,CFZ
597,7 Eagle Crest Terrace,Richmond,VA,1452844828,233200287,9:05,10:46,3.7,ZRM
598,3 5th Alley,Richmond,CA,7536358551,2293311036,2:56,8:14,4.8,BJI
599,21 Summit Street,Birmingham,AL,1713220874,5572189502,0:47,23:53,4.6,FMG
600,51 Susan Court,San Diego,CA,2729046891,1269831061,13:52,13:35,4.6,TOJ
601,3598 Farragut Point,Riverside,CA,7218402225,617604927,21:01,16:11,0.4,YPE
602,4 Carioca Parkway,Las Vegas,NV,4757573802,3171226505,10:19,1:43,0.8,LWE
603,15118 Tomscot Avenue,Athens,GA,4009197009,8988299964,3:27,21:29,2.7,VIX
604,2600 Ramsey Lane,Great Neck,NY,6388094092,2993368963,2:57,19:43,1.3,VLF
605,940 Carberry Lane,Whittier,CA,5653007753,2670813119,4:54,6:28,3.8,JYG
606,1 Gulseth Trail,Bradenton,FL,5610383407,8334020963,4:44,12:18,1.9,EKP
607,2978 5th Center,Indianapolis,IN,3571357081,198898611,13:12,12:13,4.5,ISB
608,309 Montana Point,Anchorage,AK,3189577218,2004439863,13:57,9:57,2.7,ZOQ
609,6800 Eagle Crest Point,Anaheim,CA,5015519722,5094045509,2:00,18:32,1.2,EOU
610,8771 Clarendon Center,Jacksonville,FL,1754562542,8970673498,12:30,3:23,2.0,YHK
611,57082 Monument Avenue,Flint,MI,7274493594,2384178116,13:00,17:11,2.8,WKI
612,54220 Hudson Avenue,Mobile,AL,9623611765,7365940150,16:20,4:01,1.0,CHY
613,009 Katie Junction,Grand Rapids,MI,8490592462,3798500883,11:15,1:42,2.2,SRB
614,5 Bultman Alley,Washington,DC,4373282915,1749479977,20:21,8:23,0.0,YLH
615,38765 Summerview Way,Washington,DC,5860060569,6343266335,14:06,12:55,0.9,CHW
616,125 Donald Avenue,Atlanta,GA,5684999233,505528222,14:27,17:15,0.4,YJS
617,57845 Brown Trail,Las Vegas,NV,9212311682,9149390340,10:22,17:01,3.0,UPI
618,14 Dovetail Junction,Memphis,TN,3075919226,3472160821,19:20,14:27,2.6,BKV
619,2571 Rigney Pass,Iowa City,IA,8970357703,7885278267,9:47,12:50,4.2,CZG
620,308 Hanover Street,Portsmouth,NH,6794401182,4859086703,13:17,15:57,4.1,TMA
621,44612 Butterfield Avenue,Fort Smith,AR,7495136446,4988356370,6:38,2:29,3.0,LJY
622,195 Montana Terrace,Brooklyn,NY,3364742250,3263700777,13:57,0:50,1.6,HDM
623,0 Delladonna Lane,Charleston,WV,9354632001,3062382749,18:34,9:54,4.8,ZOH
624,2 Artisan Junction,Spokane,WA,2444115211,2557725064,17:41,13:06,4.8,VZX
625,845 Becker Point,Salt Lake City,UT,9255042040,3759477507,2:03,15:38,2.4,GNP
626,1758 Westerfield Alley,Lynn,MA,2151001764,5914795617,11:33,16:03,3.6,YNZ
627,1 Crowley Lane,Washington,DC,8103957307,3576430654,12:56,19:05,1.9,HAC
628,984 Bunker Hill Circle,Virginia Beach,VA,8452979699,1020073397,19:55,12:13,3.7,NLN
629,66 Anhalt Way,Albany,NY,7126577832,2017563252,15:48,12:54,3.3,BZX
630,45 Lerdahl Court,Washington,DC,1878705247,3097808505,8:16,17:16,4.8,VVR
631,7 Elmside Junction,Trenton,NJ,2934087089,9743751705,19:02,4:42,1.5,XLO
632,7592 Wayridge Alley,Portland,OR,6525013099,5607153038,7:48,11:58,3.8,VFK
633,0 Transport Point,Raleigh,NC,9111245865,4978959623,16:49,13:04,2.8,RDU
634,2938 Grasskamp Point,Round Rock,TX,5525272616,8801065756,11:58,5:18,1.6,HAX
635,72 Bunker Hill Terrace,Huntsville,AL,2298996367,691010934,18:51,9:10,1.4,GTU
636,5508 Moland Street,Dallas,TX,7578804437,7945992543,3:31,1:41,0.0,ZYF
637,71 Summit Road,Buffalo,NY,8439461476,141169214,17:14,0:18,4.0,PEE
638,399 Drewry Junction,Virginia Beach,VA,2285495698,8868748205,6:26,8:56,4.2,AGX
639,2189 Walton Junction,Norfolk,VA,8040925880,1786062679,20:44,16:15,0.3,XGM
640,5399 American Park,Fort Wayne,IN,3364595901,2242575784,1:56,5:03,0.0,FPL
641,9614 Huxley Terrace,San Bernardino,CA,5101621380,2551851783,9:06,1:01,4.3,NWO
642,21 Armistice Way,Virginia Beach,VA,4293653462,2849145410,12:23,23:15,1.1,MIE
643,830 Larry Place,Midland,TX,7198539487,9856584810,5:56,2:36,0.5,QED
644,22207 Fair Oaks Drive,Houston,TX,4386133760,8243765194,11:18,23:39,4.9,VSL
645,446 Sunbrook Trail,Sacramento,CA,2578857465,2949807610,16:27,18:18,1.1,URW
646,83 Westerfield Point,Atlanta,GA,4169498821,8901889297,6:17,13:26,0.9,WRO
647,21 Prairieview Alley,Provo,UT,9184291416,776463920,6:22,11:51,2.1,PGW
648,17 Schiller Hill,Albuquerque,NM,9656769178,7744112985,0:24,6:12,2.4,BDW
649,9 Schlimgen Road,Sacramento,CA,9917987841,2960110099,7:09,2:50,3.2,GAC
650,87611 Erie Place,Houston,TX,5454825377,2991678755,1:21,3:31,1.3,ASF
651,04376 Homewood Pass,Boca Raton,FL,6504036904,2590165810,1:27,23:34,0.4,HBA
652,84 Bobwhite Drive,Omaha,NE,4142255545,1043675047,16:01,16:15,2.1,XQO
653,56948 Buhler Point,Escondido,CA,2496695488,2600749515,0:20,0:25,1.0,UIF
654,08653 Morningstar Road,Washington,DC,2903328701,7450583811,17:34,6:07,0.1,IQP
655,0 Granby Pass,Washington,DC,7487660917,1094825956,1:07,1:02,2.6,DAY
656,57490 Jenna Way,Louisville,KY,2566562721,9258963855,21:17,7:29,2.5,VQW
657,9982 Emmet Pass,Phoenix,AZ,2638346886,5149506274,1:46,21:27,4.4,TFP
658,09727 Haas Park,Columbus,OH,2490621990,8531922333,1:42,3:10,4.6,SKL
659,6994 South Alley,Gatesville,TX,2216283256,3307840566,22:24,20:55,0.5,LOM
660,07090 Evergreen Court,El Paso,TX,1039592118,8854899547,14:47,23:05,3.9,AIA
661,8 Annamark Point,Seattle,WA,3043318113,8036221231,5:13,23:30,3.1,EEV
662,53 Riverside Place,Memphis,TN,1011291075,9365008616,14:30,21:04,1.8,UPU
663,6 Dakota Lane,Nashville,TN,1019139214,6431837770,12:18,6:07,3.5,SVE
664,25974 Cordelia Alley,Los Angeles,CA,2359639372,1969406600,20:12,8:39,2.5,RUN
665,2936 Montana Parkway,Richmond,VA,7068448981,961512672,8:44,18:02,2.2,BCC
666,52112 Bunting Pass,Burbank,CA,5630474163,7788456253,14:14,11:32,0.2,BPS
667,69990 Independence Junction,Tampa,FL,4500896867,1287610800,19:22,4:05,1.3,JEV
668,23 Mcbride Circle,New Haven,CT,5775398269,6208954553,15:38,14:39,3.1,CJP
669,106 Montana Trail,Duluth,MN,2180609043,5924505944,17:19,13:20,3.2,SXU
670,07676 Sommers Trail,Fort Wayne,IN,6171714816,7967230597,17:23,0:46,3.4,PAQ
671,8906 Rieder Avenue,Alhambra,CA,6848617536,7347430812,12:55,17:10,3.1,GHG
672,31416 Grim Way,Salt Lake City,UT,3397005742,6467460663,9:30,23:36,2.2,NPV
673,346 Northland Junction,Gary,IN,9546996087,6755662261,20:03,20:30,1.8,VJG
674,158 Bashford Road,Everett,WA,4999553312,1287866704,4:13,8:54,4.9,CLQ
675,4282 Ruskin Crossing,Charleston,WV,5048780617,9156151891,0:28,6:01,2.9,OCD
676,21488 Portage Center,Los Angeles,CA,4802307468,2177000820,23:17,8:10,3.8,LTJ
677,288 Brickson Park Center,Springfield,IL,5582628417,6770366247,11:09,12:56,2.8,ZNS
678,85 Debs Pass,Mount Vernon,NY,5685065334,4943544659,20:39,16:15,1.7,GBS
679,92 Cascade Lane,Tulsa,OK,8294529836,1217390143,18:11,15:18,3.1,KDX
680,1 Green Parkway,El Paso,TX,2071042229,3493374357,17:03,13:37,5.0,FVL
681,56 Messerschmidt Trail,Miami,FL,4218407657,8893635603,9:10,0:27,2.5,PZQ
682,9041 Redwing Plaza,Seminole,FL,3552839036,4640571701,7:27,11:53,3.8,GFV
683,3 Glacier Hill Pass,Orlando,FL,7196122357,8106726781,17:28,16:56,1.1,FFX
684,10 Arapahoe Parkway,Fort Myers,FL,3894954240,3332985466,4:54,19:28,3.3,DIL
685,7667 Eggendart Court,Petaluma,CA,7753582661,9567161575,7:16,17:56,0.4,WCP
686,63350 Redwing Road,Sacramento,CA,7447163337,1698862476,1:38,19:39,2.1,MOF
687,284 Thackeray Drive,Lake Charles,LA,6545821382,7246470705,6:09,8:10,4.9,LRK
688,5 Clemons Way,Washington,DC,3431876033,5426782481,15:07,6:28,1.1,ORO
689,60029 Lerdahl Pass,Saint Paul,MN,6599482881,8456660835,3:50,17:26,4.4,BBN
690,975 International Pass,Albuquerque,NM,3119905969,1583486562,3:48,3:43,2.4,IEK
691,7 Namekagon Street,Merrifield,VA,7004990121,9831372991,12:30,6:38,0.8,NXB
692,2438 Badeau Terrace,Buffalo,NY,5325427883,7700982831,16:01,2:15,2.3,DRR
693,2290 Mayer Alley,Reno,NV,1038762800,8845462406,18:58,7:21,4.3,MQX
694,2996 2nd Parkway,Seattle,WA,9496082672,9040917064,15:08,9:28,4.0,VBP
695,3665 Delladonna Court,Lake Worth,FL,4438021342,779448211,19:23,5:51,1.1,BVS
696,2 Veith Point,Elizabeth,NJ,8656807558,2772071121,0:39,18:17,2.3,LII
697,351 Armistice Parkway,Saint Paul,MN,5492204685,9501311343,3:09,17:39,0.2,DJV
698,955 Westport Street,Rochester,MN,2937873726,6715258428,9:08,10:33,0.1,XOV
699,0 Farmco Crossing,Saint Louis,MO,4158501198,3438844187,18:01,16:35,1.0,VJC
700,05072 Logan Lane,Boca Raton,FL,7970001721,4842614860,0:29,4:48,1.8,VJC
701,186 Esker Pass,Dallas,TX,2662405373,4728537614,6:09,7:15,0.4,MNK
702,92399 Prairieview Trail,Sacramento,CA,5056093154,599212224,21:03,5:23,0.1,FVE
703,6 Daystar Center,Lafayette,IN,8661545883,4752161843,3:51,10:09,4.6,GBZ
704,29 Grasskamp Lane,Rochester,NY,2218071332,7616867121,13:54,23:44,2.8,OYQ
705,59177 Sutherland Alley,Memphis,TN,1323131101,4816953221,19:33,23:00,3.2,PEU
706,53 Veith Park,Portland,OR,5628756899,455795542,0:52,16:15,0.8,JZJ
707,9 Goodland Trail,Waco,TX,1489431454,8077734069,6:59,6:20,3.1,ULJ
708,37 Waywood Point,Jacksonville,FL,7499032877,7575193191,14:45,23:01,4.8,VTZ
709,424 Straubel Road,Fort Worth,TX,3070317420,889553253,23:11,6:54,0.5,SPS
710,880 Jay Trail,Phoenix,AZ,9566706753,8829801050,1:06,11:04,3.1,WBI
711,4543 Di Loreto Circle,Jacksonville,FL,6732130411,4802511629,5:47,23:33,1.6,USW
712,846 Vera Terrace,Bridgeport,CT,8582222181,3857429221,7:47,8:56,0.7,WMH
713,672 Comanche Street,Salem,OR,3346841383,973100570,6:22,4:42,4.5,FEQ
714,13 Hintze Center,Levittown,PA,7876146328,7291384199,22:06,1:39,4.0,JWK
715,64036 Meadow Valley Circle,Hartford,CT,7389089647,5140614524,11:25,8:14,4.1,KFD
716,68785 Straubel Junction,Tacoma,WA,3803595819,6102673647,9:42,23:21,3.4,ANJ
717,991 Hanover Avenue,Santa Ana,CA,8043009489,7292756412,20:50,18:30,1.2,FFP
718,6366 Veith Hill,Peoria,IL,9833292135,989468937,2:15,1:13,4.4,NXS
719,39 Messerschmidt Trail,Garland,TX,8085654004,4456925825,16:48,20:04,3.5,MUT
720,46920 Shoshone Road,Springfield,MO,6875708174,6792300000,0:44,7:02,1.4,UXC
721,71 Morningstar Place,Chicago,IL,7447506531,2658501902,8:34,11:20,3.6,FMT
722,417 Fairview Drive,Valley Forge,PA,5344058433,1670491222,8:17,16:41,3.3,LHB
723,34 Forest Dale Terrace,Sacramento,CA,6257845735,6182826833,4:56,5:37,0.6,NOQ
724,5 Heath Trail,Los Angeles,CA,8258668564,2654271266,10:15,23:45,3.7,RGD
725,8 Carpenter Parkway,Lexington,KY,9927792364,9047609619,18:58,3:09,1.5,BFV
726,01462 Marcy Drive,Cincinnati,OH,4554666221,4694233776,19:03,5:40,1.8,CXM
727,87 Reinke Drive,Minneapolis,MN,5730056280,8164141277,1:59,15:44,4.4,GTV
728,1 Hooker Pass,Cleveland,OH,7837397485,9023504345,16:34,1:54,0.2,VHA
729,0 Hoard Avenue,South Bend,IN,7202530756,4670944598,22:41,10:21,1.9,LPG
730,7664 2nd Hill,Syracuse,NY,7605831423,5205307305,17:08,16:32,3.5,NIM
731,80697 Autumn Leaf Lane,Los Angeles,CA,2046397106,8421891323,14:47,12:41,1.0,GVR
732,399 Orin Center,Cincinnati,OH,4945554206,7576071682,8:35,9:28,4.8,UMK
733,86 Longview Road,Fort Wayne,IN,2280887447,1848680124,0:33,22:34,2.0,JNP
734,503 Trailsway Crossing,Sarasota,FL,3702655519,5630704808,1:28,18:38,1.0,ROE
735,24353 Almo Drive,Spring Hill,FL,7886696416,2139258600,5:32,5:27,3.3,KNU
736,2 Saint Paul Road,Los Angeles,CA,4944414846,6982680365,16:55,20:26,1.2,GGA
737,4440 Cherokee Hill,Scottsdale,AZ,1367771501,8974715580,7:41,5:42,0.7,AYL
738,16439 Barnett Avenue,Tyler,TX,9511051295,8741433141,21:08,20:20,3.7,UPE
739,4 Carpenter Junction,Kansas City,MO,3942111717,5307143089,18:01,5:04,4.4,UDC
740,85 Waywood Avenue,Jamaica,NY,9134851833,7655344145,13:41,13:45,1.0,AFA
741,711 Roxbury Road,Wilmington,NC,9786665299,3312750068,8:03,11:57,1.1,OYZ
742,444 Carberry Junction,Albany,NY,4206639039,6256340827,2:00,5:00,4.9,GEC
743,2240 Calypso Hill,Oklahoma City,OK,7890614822,8399581620,14:38,4:54,2.2,ZYV
744,286 Eagle Crest Pass,Frankfort,KY,9792427929,1376842317,5:46,15:37,4.2,TWS
745,72 Fieldstone Alley,Miami,FL,6501656643,9648328230,0:40,10:57,0.2,JAF
746,7125 Evergreen Terrace,Chicago,IL,3461004415,7194221762,16:18,1:46,0.2,ZHR
747,9 Harper Alley,Mesa,AZ,2069616657,1810425116,21:53,15:46,4.5,DNP
748,51 Village Green Point,Topeka,KS,2669916295,9243758683,20:29,5:54,2.1,OXT
749,1 1st Terrace,San Antonio,TX,8949946796,1280162087,13:47,15:59,0.5,ATC
750,1900 Bay Circle,Bakersfield,CA,6134501415,5001718968,13:38,17:51,3.1,DNQ
751,33 Swallow Avenue,Oklahoma City,OK,1272345752,4622358383,21:55,16:00,3.5,MER
752,1742 Tomscot Place,Provo,UT,5084287942,1066511031,14:23,0:49,2.3,IBP
753,42800 Northport Hill,Detroit,MI,2497846954,8899122381,12:07,20:27,0.4,DGU
754,60 Fisk Terrace,Battle Creek,MI,9640130334,8223021435,11:48,0:55,4.5,YWE
755,20678 Alpine Road,San Antonio,TX,4581928218,457648029,21:55,2:00,2.5,IAM
756,239 Victoria Crossing,Pomona,CA,2837885583,5107513697,9:17,6:30,4.7,PAX
757,6 Birchwood Point,Tacoma,WA,6588355112,7107237059,23:55,6:10,4.0,RNZ
758,7 Macpherson Place,Saint Louis,MO,2646243783,7201465056,15:53,13:13,1.8,IJQ
759,75326 Scott Drive,Lincoln,NE,9784336842,9202381458,19:49,12:21,1.5,RIP
760,45513 Division Plaza,Colorado Springs,CO,5918551467,7027470784,8:19,16:58,3.6,DOJ
761,41963 Haas Court,Asheville,NC,8554698174,3025150280,14:36,1:42,4.5,VIK
762,1 Buhler Park,Mountain View,CA,2712368631,5730381121,10:31,21:08,0.6,AMS
763,01 Independence Avenue,Tampa,FL,2397167585,5837122023,4:13,17:33,3.8,OHD
764,42 Kenwood Circle,Philadelphia,PA,9199454831,1399477394,23:03,7:05,1.8,RZF
765,30732 Main Court,Modesto,CA,9162245329,1030524792,6:01,15:34,3.8,QXL
766,289 Fairfield Terrace,Glendale,CA,5997997254,8862276849,21:01,8:56,0.4,XZC
767,37 Reindahl Avenue,Elizabeth,NJ,6480741511,772831577,22:13,6:29,0.9,EYU
768,43149 Erie Pass,Louisville,KY,2171812167,7789368789,5:41,18:28,3.0,HVP
769,435 Westend Center,Detroit,MI,5991877838,1354690823,4:23,16:59,1.0,LAL
770,3 Quincy Lane,Sarasota,FL,2649904876,5190315999,17:28,5:28,3.1,YUC
771,1664 Sage Terrace,Elmira,NY,8501767481,4216662558,7:22,17:13,2.1,LHN
772,0 Farwell Parkway,Kansas City,MO,4155045248,2218760823,5:37,8:04,3.5,XNT
773,895 Bayside Street,Milwaukee,WI,4781363601,252107528,3:15,1:38,1.0,MLH
774,82647 Scoville Plaza,El Paso,TX,8672897527,7848705797,9:59,4:05,3.1,CYA
775,46556 Ilene Avenue,Saint Louis,MO,9787497749,380888392,8:21,8:57,0.3,UVV
776,151 Fairview Avenue,Riverside,CA,7547869323,7705195633,15:21,18:39,2.2,LLT
777,31474 Dakota Court,Brooklyn,NY,1996563991,8511302916,16:44,21:03,1.1,DZQ
778,373 Moose Hill,Raleigh,NC,7277128619,3241386375,3:41,19:42,1.3,GQL
779,967 Melody Court,Columbus,OH,7733838255,6434169453,13:45,16:02,2.7,HAY
780,8875 Alpine Road,Roanoke,VA,7668955887,7804259268,2:18,20:57,0.2,FWH
781,3 Warner Drive,Gainesville,FL,2524237585,8079116859,16:13,14:39,1.1,UVR
782,79 Sloan Lane,Honolulu,HI,7322606297,7658125173,19:42,2:05,3.7,XBD
783,4 Twin Pines Pass,Montgomery,AL,2219800465,3297792251,13:59,6:00,0.5,RVX
784,080 Scofield Trail,Provo,UT,1766029603,6995772252,2:00,17:57,3.0,LCI
785,98 Alpine Park,New Orleans,LA,2859747095,6239345444,12:13,18:21,3.1,WDL
786,29322 Hanson Terrace,Newark,DE,1759904848,1648778383,19:39,1:41,3.2,IVB
787,74 Grim Place,Indianapolis,IN,9659914397,9067866946,22:06,8:14,1.3,GQF
788,6739 Hanson Center,Austin,TX,4632027751,639452193,22:30,20:02,4.0,PKT
789,0122 La Follette Court,Washington,DC,5357509748,1095980587,17:06,8:14,3.9,DEL
790,1628 Sunbrook Circle,Portland,OR,3265274271,2142848893,0:51,22:14,3.7,EXM
791,7512 Columbus Center,Tucson,AZ,2777900375,5391067282,16:51,9:45,4.2,LQP
792,2 Mosinee Point,Bozeman,MT,8388531749,3956421501,6:13,1:01,2.5,DFC
793,76 Oriole Way,Tallahassee,FL,2705301032,9460242267,8:47,10:23,2.5,IYS
794,52 Dunning Hill,Washington,DC,6814250307,8952217143,21:54,12:37,3.7,FXC
795,7 Moland Center,Little Rock,AR,7248099947,332271457,23:38,16:44,1.6,SBE
796,2 Coleman Plaza,Great Neck,NY,8535334692,7145843190,23:40,5:14,4.4,KZF
797,115 Mendota Circle,Philadelphia,PA,4073621457,6165788169,20:26,18:46,3.3,YPC
798,174 Larry Center,Seattle,WA,2597478281,7527850656,0:56,13:47,4.7,XKS
799,69 Artisan Pass,Maple Plain,MN,2833852419,7651981023,8:08,7:50,2.2,SPS
800,110 Pennsylvania Way,Buffalo,NY,7376597156,6721763169,0:00,14:27,3.1,YJW
801,6 Upham Terrace,Louisville,KY,7030379308,8824727425,18:36,13:10,0.6,EIH
802,74382 Mockingbird Point,Migrate,KY,6813809458,8342404991,14:13,3:06,2.4,IZH
803,79185 Dawn Point,Little Rock,AR,7570446066,9213108552,17:23,11:36,0.8,VNB
804,1 Maple Wood Junction,Cheyenne,WY,1380812000,4525181239,18:28,9:09,4.2,DJK
805,87 Luster Drive,Fort Pierce,FL,9304921357,5804089330,4:59,11:46,3.2,GOL
806,055 Fisk Parkway,Springfield,MO,8490115730,9228748198,22:06,0:39,2.6,ZLO
807,2690 Mayer Court,Madison,WI,3924984022,6103919622,7:04,15:24,2.5,DBU
808,911 Clarendon Plaza,Charleston,WV,2694138415,7064552988,7:40,19:10,3.9,BAW
809,4 Gale Parkway,Savannah,GA,6931309045,1280583791,17:31,0:13,0.0,BMG
810,5 Algoma Street,Baltimore,MD,8342253759,5402093333,14:29,19:24,1.0,WUR
811,0290 Bobwhite Way,Miami,FL,5658926412,8237502132,4:09,17:52,3.1,EIO
812,01 Schiller Parkway,Buffalo,NY,9665350622,9718557371,4:49,16:45,2.5,MWM
813,22 La Follette Plaza,Huntington Beach,CA,1877388904,4649580632,19:18,8:15,2.5,LZQ
814,5 Bartelt Junction,Houston,TX,3679254719,6741014424,4:11,17:14,3.9,YQB
815,48 Delladonna Hill,Young America,MN,5100547504,7810397398,7:01,21:34,2.8,YWV
816,0347 Veith Avenue,Rochester,NY,7134190731,3701587358,1:37,21:49,2.6,NVT
817,0824 Annamark Terrace,Schenectady,NY,7728822235,5555278575,3:50,10:47,4.5,NJY
818,2 Calypso Court,San Diego,CA,1347392492,8407543672,17:21,18:00,2.3,YIT
819,33 Macpherson Drive,Saint Petersburg,FL,2585777071,3362623492,17:16,23:40,3.7,OMP
820,8 Dennis Point,Kalamazoo,MI,7529556046,8967878234,13:40,18:43,4.5,PFX
821,03165 Ludington Circle,Jamaica,NY,6443892774,8463399917,21:18,16:40,0.1,JNR
822,6424 Erie Plaza,Norwalk,CT,8512899880,2068303256,13:10,11:25,1.1,LLG
823,817 Mallard Lane,New York City,NY,9487067589,3453908579,8:46,9:46,4.4,IOX
824,12 Kings Terrace,Fullerton,CA,2229692136,1226454434,4:25,4:18,1.4,PLT
825,754 Ridgeview Street,Fairfax,VA,3310770818,1682081350,9:06,8:46,1.5,LDG
826,8138 Lukken Alley,Aurora,IL,8576627331,7745759155,16:38,7:02,1.1,OHH
827,566 Toban Drive,Sacramento,CA,1558135398,4788987081,3:10,20:47,1.3,LQH
828,0659 Morningstar Crossing,Washington,DC,5518978725,1119607201,5:44,1:06,2.5,ICX
829,482 Division Plaza,Arlington,VA,8737711266,9602993835,11:25,4:15,1.1,WHY
830,6486 Monterey Street,Paterson,NJ,3054647122,3704493981,19:28,2:43,2.7,DNF
831,3 Texas Trail,Longview,TX,1380944344,9939954959,4:06,4:37,0.5,MBA
832,2 Briar Crest Trail,Jersey City,NJ,7288742791,5196518406,14:18,6:45,0.7,LWR
833,0314 Anderson Parkway,Salem,OR,8148129828,6591044890,6:12,14:09,0.4,HGL
834,4 Mosinee Plaza,Dallas,TX,9347662685,6482225138,3:41,16:30,1.8,CUO
835,6 Roxbury Street,Largo,FL,1667236705,7832340608,23:10,17:04,3.1,BZJ
836,115 Algoma Lane,Syracuse,NY,1934844022,6448104086,22:02,9:08,4.0,CIT
837,02 Merchant Circle,Fargo,ND,4042053838,604542279,6:06,18:32,2.5,KNT
838,33918 Cambridge Court,Jacksonville,FL,8240492760,6549350372,22:26,20:32,0.5,JIQ
839,595 Ludington Way,Erie,PA,9016173636,1269688361,22:36,16:34,1.8,KZG
840,14550 Talisman Trail,Salt Lake City,UT,2666953042,3963151032,10:36,1:38,4.0,YEV
841,96928 Basil Alley,Des Moines,IA,5426015953,9724396468,14:46,20:53,0.5,XQQ
842,49088 Glendale Hill,Huntington,WV,8698695533,4428910828,17:29,1:19,1.5,PBI
843,8751 Farwell Lane,Ridgely,MD,8467303218,2930176343,4:44,12:08,3.1,RLG
844,227 Grasskamp Drive,New Orleans,LA,4056847299,7134655282,15:56,20:53,1.8,TQM
845,32 Clarendon Avenue,Sioux Falls,SD,4560563715,3755152664,1:12,6:33,2.9,ICI
846,0882 Hoepker Circle,El Paso,TX,3227802635,6227217156,7:02,1:32,4.9,KUU
847,2810 Bluejay Pass,Spring,TX,6611374839,6975314178,3:01,11:31,0.7,VGV
848,4566 Steensland Park,Valley Forge,PA,2815144273,2395883962,7:03,5:18,1.2,RBZ
849,66 Russell Pass,Washington,DC,8032108030,2207537882,8:12,1:51,4.4,CLM
850,998 Donald Avenue,Evansville,IN,2643083378,5932438011,7:05,10:34,3.2,BQY
851,9 Del Sol Alley,Cheyenne,WY,1285622929,6210056597,6:40,8:40,1.2,ZQW
852,96 Lunder Plaza,Columbia,SC,2202584928,9961979523,13:08,0:39,1.1,BQE
853,320 Bobwhite Junction,Brooklyn,NY,7967191149,4719365862,18:07,7:54,0.7,ZSD
854,41 Boyd Crossing,Washington,DC,3691750971,631082225,16:53,13:20,4.5,GDN
855,5588 Hollow Ridge Circle,Dallas,TX,3549725199,281331106,9:19,7:10,2.1,CJX
856,0 Memorial Alley,Omaha,NE,3549993436,109671323,14:53,4:59,2.6,EJP
857,54 Holmberg Plaza,Evansville,IN,1971871078,8528879339,9:50,6:02,1.2,LDJ
858,1016 Columbus Parkway,San Francisco,CA,8529113326,1032496060,8:08,7:30,0.3,OMY
859,25859 Susan Street,Evansville,IN,8721410986,3267268036,4:44,7:24,2.3,GFT
860,92997 8th Way,Knoxville,TN,6980484806,1388227624,19:52,23:49,0.1,RKS
861,45537 Kings Plaza,Houston,TX,1786957259,1695010911,9:20,22:37,0.5,VOU
862,17102 Alpine Point,San Francisco,CA,4044897534,6772574420,12:17,19:41,3.6,GJX
863,5187 Ridgeview Road,Metairie,LA,5632807334,8219790719,5:04,22:29,3.5,XLC
864,84579 Morning Alley,Phoenix,AZ,1919158064,5287970471,16:51,10:51,3.1,YIP
865,2 Green Terrace,Boise,ID,6040079902,4333280818,22:28,1:55,0.7,OKZ
866,7 Helena Alley,Anchorage,AK,9085696275,5343937640,21:53,18:44,1.1,RJL
867,266 Miller Center,Columbia,SC,1308911260,1463353054,9:14,5:39,2.0,BMK
868,576 Aberg Parkway,Charlotte,NC,2543686976,6042424367,20:49,11:12,4.4,PVF
869,4 Hagan Plaza,Richmond,VA,8710938849,7400760625,23:46,12:33,4.9,FUT
870,96852 Browning Center,Houston,TX,2659595823,9563769543,23:06,6:38,3.2,PXG
871,21 Farwell Trail,Des Moines,IA,4446269204,7590772039,14:59,9:49,4.7,VCY
872,103 Blaine Alley,Fresno,CA,4334327201,6076986025,11:30,22:47,1.9,CMT
873,7725 Esker Court,Newark,DE,2314675019,9606038322,2:04,19:29,3.4,ZQM
874,0 Memorial Center,Las Cruces,NM,5563515457,3486443624,16:00,11:00,1.0,EET
875,93580 Redwing Place,York,PA,2418132606,9251632012,20:48,21:12,1.9,DIX
876,7 Morningstar Parkway,Miami,FL,8291377984,7573375884,1:22,5:06,0.6,WHB
877,6340 International Alley,Des Moines,IA,1228976339,1966469885,7:52,9:13,1.5,QUL
878,339 Brentwood Way,Brooklyn,NY,6694410723,8841025860,20:45,13:59,1.7,MZT
879,6 Gale Park,Washington,DC,4072506205,1970652154,11:54,11:07,0.9,ZWU
880,74079 Ridge Oak Park,Tucson,AZ,5104424077,3603650610,6:07,6:11,1.0,NXN
881,71 Bluestem Point,Juneau,AK,7544443131,2654221580,22:59,13:15,3.0,HDI
882,1 Reinke Center,Long Beach,CA,3221783943,9063753493,13:16,17:39,1.1,TGF
883,15 Loftsgordon Terrace,Omaha,NE,9521098577,4390848341,17:53,15:04,4.4,UHV
884,57 Bobwhite Road,Inglewood,CA,5378283690,8488006705,16:23,4:27,3.3,HGW
885,13 Artisan Center,Washington,DC,1747231154,6016057816,11:07,7:15,2.1,FGW
886,9 Prentice Point,Buffalo,NY,7835622892,5554244580,17:14,13:01,0.8,VAU
887,2488 Scott Drive,Topeka,KS,6367863174,3809750511,23:35,21:33,0.4,ZSF
888,49 Paget Center,Cleveland,OH,7584168384,4863848866,21:46,10:28,4.1,DDN
889,0 Charing Cross Lane,Sparks,NV,8966589099,7984161948,22:49,10:42,1.3,WYH
890,9067 Steensland Terrace,Cincinnati,OH,6797184589,4581047183,15:46,4:15,3.1,IOA
891,48303 Lighthouse Bay Circle,Frankfort,KY,4133644315,6876409730,17:18,14:31,3.6,TYU
892,870 Messerschmidt Lane,Birmingham,AL,6434469818,6066285653,18:20,15:32,1.8,KIX
893,09 Main Street,Grand Junction,CO,5716268094,1122148498,11:14,11:54,0.6,UVN
894,13 Knutson Way,Chicago,IL,6017978903,5918821095,18:03,12:23,3.4,ZVG
895,4 Sheridan Center,Charlotte,NC,3565188774,9816040680,15:39,15:28,1.3,ZOA
896,30 Logan Drive,Albany,NY,1781688169,823871166,4:20,12:27,2.8,IIW
897,79 Texas Lane,Minneapolis,MN,5168081460,9695768581,18:12,5:27,1.9,UFC
898,26 Mosinee Avenue,Phoenix,AZ,1489186680,5705372587,3:41,12:32,1.5,JAQ
899,65 Sheridan Center,Baltimore,MD,6660003198,1896608437,1:31,14:57,2.8,HSQ
900,7 Spenser Pass,Saint Paul,MN,8758581004,6224490375,15:58,5:55,0.2,SDU
901,3 Golf Drive,Cincinnati,OH,1083727940,7930626942,4:50,14:48,0.7,OCL
902,1 John Wall Plaza,New York City,NY,1954126256,9865348660,2:32,10:43,3.3,FSZ
903,626 Bultman Terrace,Harrisburg,PA,8053328367,7402022205,6:47,10:40,3.4,RID
904,63 Oakridge Center,Columbus,GA,4668056062,5269216631,12:18,4:54,0.8,IWY
905,5882 Lighthouse Bay Crossing,Evansville,IN,8680532282,9607966546,8:36,8:05,2.7,VOB
906,253 Little Fleur Circle,Albuquerque,NM,4220059886,315414659,7:36,11:09,5.0,EAI
907,41 Cordelia Alley,Trenton,NJ,7931822320,5126708952,5:08,6:17,2.4,NQR
908,3641 Gina Center,Fresno,CA,5289630713,7352381538,1:48,15:15,4.6,AKU
909,08522 Sloan Road,Chicago,IL,9227655651,1775517754,17:15,15:03,2.4,VMJ
910,1809 Erie Plaza,Lubbock,TX,7880478839,281390104,4:45,22:58,3.9,EPW
911,09235 6th Lane,Philadelphia,PA,5836878200,6135792742,12:10,12:44,1.6,KSO
912,72 Artisan Drive,Austin,TX,2253690971,6431831552,23:40,10:13,0.2,RTR
913,5196 Summit Circle,Las Cruces,NM,3834885343,3332495988,18:33,17:13,1.4,UAP
914,8 8th Street,Providence,RI,1598838345,4468997162,8:19,17:28,4.7,VSC
915,11791 Ilene Circle,Birmingham,AL,1962500318,4213809537,6:00,4:41,4.0,JTH
916,0501 Dayton Court,Dallas,TX,2219032590,2505121285,20:15,8:20,3.3,OBJ
917,16898 Roxbury Place,Akron,OH,7710025093,4113043221,20:03,7:38,3.1,CSG
918,95 Eagan Way,Springfield,MA,3241528679,8746444787,18:38,3:36,0.3,ZQU
919,3 Fisk Crossing,Omaha,NE,1729138072,3513056222,2:58,11:29,4.3,JBE
920,24050 Morningstar Junction,Juneau,AK,6133480443,4686974572,17:11,2:19,2.5,BLF
921,48 Fairview Crossing,Cleveland,OH,9632756185,3022305533,0:40,6:17,3.8,UAI
922,3 Badeau Circle,Albany,NY,3156426215,595461308,7:52,23:47,2.2,EOB
923,51 Stoughton Terrace,Detroit,MI,1365787008,1208941781,22:17,7:45,2.0,OCI
924,2784 American Ash Crossing,Orange,CA,3785993664,5120502055,14:39,20:13,1.8,VYH
925,324 Muir Crossing,Houston,TX,8956028757,1612993356,1:46,13:58,4.2,UMJ
926,37460 Jay Way,Dallas,TX,2188728419,7812715225,8:21,12:06,1.2,ASP
927,0 Village Parkway,Richmond,VA,8097381388,2358192841,9:39,21:09,3.0,PHG
928,786 Fuller Crossing,Pasadena,CA,4127882354,7444040174,1:33,19:07,0.0,VHG
929,83 Elka Lane,Rochester,NY,5510290147,6864157837,22:47,15:49,1.4,UNJ
930,28 Cordelia Circle,Long Beach,CA,4019836840,3178514875,3:38,6:36,3.1,AEF
931,9926 Fordem Hill,Garland,TX,9748439428,9387221727,1:57,5:53,4.1,KFS
932,3863 Jackson Way,Huntsville,AL,6832265614,8131740253,3:16,21:58,3.4,ZOS
933,0 Chive Trail,Philadelphia,PA,8117266778,2379753565,3:34,22:32,1.4,CDW
934,127 Eagle Crest Plaza,Cleveland,OH,1549759685,7199170952,15:20,3:15,1.4,SWU
935,2819 Menomonie Junction,Knoxville,TN,9918111670,5476868722,23:50,3:08,4.3,UAL
936,2 Elka Place,Oklahoma City,OK,4381791130,8870301482,17:26,7:52,1.0,PYJ
937,000 Manufacturers Park,San Jose,CA,1281081405,4305611185,23:48,5:48,2.1,DOZ
938,6 Mockingbird Way,Sarasota,FL,3954423292,903483923,21:57,14:30,2.1,BSX
939,644 Shoshone Road,Atlanta,GA,3645017170,8598179012,18:58,15:57,3.3,YYA
940,2054 Menomonie Parkway,Valdosta,GA,3983909737,7368395373,19:53,12:50,1.5,MTC
941,88719 Messerschmidt Way,Roanoke,VA,8290738229,8506574975,11:41,0:28,4.5,SJK
942,400 Talisman Park,Richmond,VA,5184172666,7004828339,7:27,15:08,1.5,TSD
943,291 Village Avenue,Chicago,IL,9886085683,9324529348,22:31,6:41,2.7,WDE
944,2 Stephen Park,Boston,MA,5375862458,3537472270,12:28,1:18,3.6,PCN
945,626 Cherokee Street,Bronx,NY,2336276785,3021989701,11:45,22:53,2.7,QMC
946,57839 Logan Junction,Peoria,AZ,1067176269,8361734082,22:32,7:04,4.9,VPC
947,3439 Ruskin Alley,Newton,MA,9857084454,2763653617,7:11,16:40,2.2,LHI
948,3091 Hoepker Trail,Des Moines,IA,8821781173,6990311582,11:52,10:59,4.8,CQW
949,7 Annamark Park,San Antonio,TX,4786679876,4340816807,1:16,6:11,2.2,WVN
950,123 Carey Hill,Cincinnati,OH,3451552702,7219470457,1:39,20:12,1.9,OJZ
951,37172 Westridge Court,Baltimore,MD,6106164892,8007318179,13:24,3:45,4.9,TLE
952,9 Northport Way,Conroe,TX,2635811435,8664357265,23:41,3:25,4.5,ERL
953,6 Paget Point,El Paso,TX,6611649899,5650731611,19:04,23:33,3.9,PRH
954,2019 Marquette Hill,Richmond,VA,6540043221,8659219376,7:20,12:59,3.5,TFM
955,8685 Armistice Plaza,Seattle,WA,4194430773,8962102498,12:09,17:37,4.6,TPD
956,52239 Bunker Hill Crossing,Los Angeles,CA,5556109093,8403166273,12:19,22:53,0.7,PDX
957,7194 Ramsey Crossing,El Paso,TX,5010075914,6015921965,2:20,22:30,1.7,ZZE
958,244 Dakota Street,Pasadena,CA,2792255368,4823534465,22:29,7:03,4.5,UEH
959,62 Tennyson Alley,Henderson,NV,4843487441,1845186754,11:54,18:43,1.5,NQO
960,96 Del Mar Court,Valley Forge,PA,2361417835,1347548175,3:37,13:39,2.2,MIZ
961,1 Vahlen Court,Colorado Springs,CO,2141358532,9001056423,0:47,22:17,1.9,RYA
962,1 Gale Place,Charleston,WV,6074662305,4068293108,17:20,12:36,4.7,AYN
963,98 Iowa Place,Kansas City,KS,5974349836,6491268393,8:08,2:28,3.0,THT
964,6608 Kinsman Crossing,Omaha,NE,7926979432,8249120177,3:55,6:39,0.5,YFI
965,38 Scoville Crossing,San Luis Obispo,CA,2096908503,7190593830,12:28,6:11,3.8,XMH
966,266 Petterle Road,Houston,TX,2896343751,6226283931,14:56,2:46,0.7,MPR
967,8435 Forest Run Street,Kansas City,MO,9549652007,7645772207,8:22,18:35,1.2,CMP
968,8 Petterle Pass,Minneapolis,MN,8643564846,5628080610,9:05,7:11,3.3,HAI
969,4222 Birchwood Drive,Denver,CO,2131855787,8127530227,20:23,2:39,1.0,NST
970,93 Lunder Way,Saint Paul,MN,2691369075,4488571845,17:31,1:02,4.6,APJ
971,97 Everett Park,Birmingham,AL,2496790706,9989447465,4:05,9:06,0.1,URN
972,6 Comanche Place,Fullerton,CA,5219613787,6742549467,3:04,14:36,4.6,RAH
973,7345 Haas Place,Philadelphia,PA,7426051619,5295292752,14:50,5:57,3.0,DTL
974,24 Thierer Pass,North Port,FL,8083802830,2758726666,1:05,18:14,3.1,GET
975,8 Grayhawk Circle,Des Moines,IA,7935893975,1098484603,1:42,20:48,1.0,FWT
976,53196 Eagle Crest Avenue,Denver,CO,3553755363,3962788993,3:52,22:32,0.7,NEA
977,72 Mitchell Plaza,Atlanta,GA,5575855083,2204517303,10:47,18:50,0.8,EWJ
978,817 Spenser Park,Clearwater,FL,2409597849,4391520791,7:36,3:20,2.9,ENV
979,2 Banding Point,Chico,CA,4155672690,2445317452,2:03,6:23,1.4,WKX
980,68 Warbler Alley,Wilmington,NC,7538998833,8495777563,14:52,21:40,3.9,YOE
981,72 Birchwood Center,Cleveland,OH,6853780318,3974747773,18:52,15:13,3.2,WBZ
982,046 Mifflin Terrace,Springfield,IL,1445811409,9979784604,3:55,4:17,2.5,HDA
983,38 Swallow Avenue,Shreveport,LA,2597205195,7040160782,10:56,3:21,3.7,AQU
984,14612 Ramsey Drive,Lincoln,NE,3510109128,4778933841,3:35,15:05,3.2,LPV
985,69915 Maple Wood Center,Jacksonville,FL,1322323650,605085405,19:29,18:12,3.0,ZHK
986,175 Donald Way,Oklahoma City,OK,3174142557,9616763186,5:13,4:04,2.5,JTM
987,7149 Center Drive,Dallas,TX,5291930394,6701247929,21:32,22:53,0.7,TIA
988,93 Linden Center,Fort Wayne,IN,3420598171,9010980215,5:12,7:01,4.8,CYR
989,1107 Springview Court,Scottsdale,AZ,5632869163,4950358905,15:28,13:47,2.8,KZF
990,151 Logan Parkway,Atlanta,GA,7692568354,4422101045,7:34,18:34,0.2,JLQ
991,574 Nobel Court,Falls Church,VA,6657171598,5541293023,1:49,20:19,3.9,IET
992,2204 Blaine Parkway,Roanoke,VA,2574224731,1286239461,10:20,6:00,1.4,VXB
993,85 Hazelcrest Pass,Los Angeles,CA,2084713464,8550759284,16:00,17:21,1.4,CAT
994,17336 Northridge Parkway,Young America,MN,6995459450,1446628539,10:36,21:07,2.3,VCR
995,379 Blue Bill Park Junction,Spokane,WA,2312391204,724788524,17:04,15:16,4.7,CTI
996,56 Ryan Parkway,Mesa,AZ,6936118481,877643883,3:30,6:02,1.9,NPV
997,5 5th Point,Pittsburgh,PA,5953671253,3075728687,8:18,2:15,3.8,NAQ
998,42480 Brickson Park Trail,Pensacola,FL,8894375205,609055766,5:28,5:25,1.4,NLO
999,9198 Sunnyside Pass,Texarkana,TX,4816641365,371667353,10:29,9:39,1.4,LKT
1000,507 La Follette Avenue,West Palm Beach,FL,2517156411,8686254856,14:30,15:14,1.6,EBU
